1;13151;chr2;+;159530512;159533250;159533379;159535092;-1
2;16035;chr15;+;63353472;63353911;63353987;63354413;-1
3;18400;chr11;+;46681035;46686398;46686509;46686932;-1
4;18685;chr4;-;83778917;83783686;83783725;83784470;-1
5;23919;chr6;+;71483128;71501391;71501472;71508359;-1
6;30673;chr16;-;70712312;70713217;70713226;70713532;-1
7;34140;chr17;-;74085401;74086409;74086478;74090494;-1
8;34149;chr17;-;74085401;74087223;74087316;74090494;-1
9;34606;chr14;-;36159209;36169367;36169508;36190893;-1
10;36392;chr2;-;165557266;165559613;165559730;165560953;-1
11;38144;chr9;-;131030803;131035063;131035144;131036128;-1
12;41589;chr2;-;162902122;162903211;162903315;162903424;-1
13;42008;chr6;+;142703156;142704896;142704980;142711394;-1
14;49973;chr15;+;75305146;75308933;75309090;75310210;-1
15;57371;chr4;+;95497185;95506136;95506154;95506715;-1
16;59675;chrX;-;128626070;128627016;128627052;128630726;1
17;64027;chr13;-;37583946;37584688;37584792;37586328;-1
18;64095;chr11;+;57529518;57556508;57556627;57558856;-1
19;64104;chr11;+;57529518;57558965;57559145;57561481;-1
20;7971;chr11;+;20070741;20071381;20071447;20072834;-1
21;501;chr11;-;10822634;10823207;10823321;10823595;-1
22;57899;chr20;+;57470739;57473995;57474040;57478585;-1
23;10401;chr14;+;56139730;56139889;56139973;56142552;1
24;64097;chr11;+;57529518;57558856;57559145;57561481;-1
25;64098;chr11;+;57573507;57573932;57573950;57574386;-1
26;16040;chr15;+;63353138;63353396;63353472;63353911;1
27;57898;chr20;+;57470739;57473995;57474040;57478582;-1
28;62959;chr11;-;62400986;62401781;62401847;62402292;-1
29;54007;chrX;+;30742298;30745582;30745669;30746848;-1
30;63627;chrX;-;2876476;2877643;2877929;2878418;-1
31;28758;chr12;-;110934008;110937339;110937351;110939853;-1
32;6630;chr14;+;39788495;39790131;39790260;39796067;-1
33;55018;chr17;+;66508283;66511127;66511260;66511534;-1
34;52778;chr16;+;24803138;24804793;24804970;24805864;-1
35;51182;chr2;+;204260503;204261507;204261690;204267298;-1
36;45255;chr4;-;186551752;186560030;186560189;186567821;-1
37;33735;chr4;-;83346036;83346715;83346820;83347189;1
38;55017;chr17;+;66508689;66511127;66511260;66511534;-1
39;43018;chr19;-;43015072;43015727;43015780;43016501;-1
40;9041;chr20;-;47770608;47782533;47782822;47790731;-1
41;26143;chr4;-;83280792;83292680;83292737;83294598;-1
42;36388;chr2;-;97271248;97272706;97272784;97274244;-1
43;8312;chr3;-;37107433;37107714;37107816;37116514;-1
44;31797;chr13;+;113530255;113532530;113532617;113536189;-1
45;45266;chr4;-;186551752;186556508;186556565;186567821;-1
46;59010;chr2;+;234181698;234182366;234182423;234183321;-1
47;19258;chr9;+;131353904;131355261;131355321;131356453;-1
48;51230;chr21;+;30397098;30398029;30398092;30400193;-1
49;31360;chr3;+;58116635;58117653;58117746;58118534;-1
50;360;chr2;+;242255025;242256913;242257014;242263630;-1
51;10627;chr6;+;31895575;31896508;31896694;31901386;-1
52;5550;chr2;-;36785656;36787927;36788008;36805739;-1
53;1302;chr3;-;78695340;78696778;78696805;78700881;-1
54;4364;chr19;-;57335795;57337755;57337831;57347385;-1
55;48973;chr2;-;55529208;55530204;55530288;55535944;-1
56;5520;chr2;+;102476326;102477286;102477448;102480282;1
57;42760;chr9;-;134477536;134494437;134494596;134497182;-1
58;55019;chr17;+;66509111;66511127;66511260;66511534;-1
59;44238;chr20;-;34220845;34246851;34246936;34252723;1
60;30736;chr10;-;97170534;97174250;97174619;97181717;1
61;2117;chr16;-;16255421;16256849;16257049;16259479;-1
62;49406;chr20;-;45839542;45841286;45841370;45848908;1
63;8109;chr10;+;79797062;79799961;79799983;79800372;-1
64;18124;chr11;+;70266616;70267575;70267686;70269045;1
65;18882;chr12;+;987527;989886;990165;990857;-1
66;52232;chr18;-;47017954;47018105;47018203;47018644;1
67;31282;chr9;+;71863140;71864290;71864401;71865950;1
68;37119;chr1;+;11888276;11888514;11888681;11889252;-1
69;49265;chr7;-;99507283;99515394;99515508;99516631;-1
70;39161;chr1;+;183515472;183516237;183516387;183518342;-1
71;5794;chr20;+;30149539;30155880;30156027;30156922;-1
72;27900;chr1;-;23744502;23745569;23745700;23751057;-1
73;17725;chr3;-;47899002;47908735;47908828;47912302;1
74;17361;chr2;-;238486025;238486646;238486798;238494640;-1
75;20487;chr10;-;52619745;52623792;52623840;52645340;-1
76;10708;chr17;+;48814387;48814647;48814840;48817666;1
77;26826;chr14;+;37717112;37734411;37734486;37736142;-1
78;27901;chr1;-;23744502;23745569;23745632;23751057;-1
79;17717;chr3;-;47899002;47910703;47910817;47912302;1
80;28752;chr12;-;110934008;110936624;110936664;110939853;-1
81;4365;chr19;-;57335795;57337755;57337831;57344657;-1
82;30724;chr10;-;97170534;97174250;97174412;97181717;1
83;14223;chr5;-;140966764;140967790;140967817;140998364;1
84;6789;chr22;-;42557364;42564614;42564742;42565852;-1
85;47221;chr20;-;34326939;34328446;34328519;34328745;1
86;62233;chr18;+;56001124;56008909;56009029;56010137;1
87;5789;chr20;+;30149539;30155880;30156083;30156922;-1
88;25001;chr9;+;124043840;124062342;124062404;124064240;1
89;50951;chr2;-;55214834;55255299;55255356;55276880;-1
90;56997;chr9;-;115060196;115092720;115092754;115095749;-1
91;39223;chr16;+;539000;541133;541268;546823;-1
92;25004;chr9;+;124043840;124062333;124062404;124064240;1
93;6986;chr16;+;18584382;18585641;18585757;18586082;-1
94;27200;chr1;+;46072263;46072992;46074009;46078840;1
95;34082;chr2;-;130914969;130918758;130918845;130921946;-1
96;37835;chr15;-;49309825;49311614;49311749;49319561;-1
97;20504;chr10;-;116211430;116213137;116213242;116225456;-1
98;950;chr6;-;131188721;131190951;131191266;131206235;1
99;27604;chr2;-;39526942;39530214;39530258;39535083;-1
100;6333;chr2;+;271939;272036;272065;272191;1
101;39053;chr8;+;413150;417719;417746;418714;-1
102;43600;chr20;+;400375;401514;401675;402770;-1
103;24175;chr20;+;42087149;42087792;42088060;42088410;1
104;63626;chrX;-;2873578;2877643;2877929;2878418;-1
105;973;chr6;-;131184858;131186675;131186774;131206235;1
106;1736;chr5;+;65449424;65454636;65454760;65455046;-1
107;51407;chr7;-;51111389;51150754;51150925;51152862;1
108;48301;chr12;-;1910284;1910739;1910810;1919443;-1
109;61443;chr11;+;120278532;120280102;120280159;120291461;-1
110;4362;chr19;-;57336109;57337755;57337831;57347385;-1
111;28171;chr2;-;201724469;201724847;201724938;201725960;-1
112;34727;chr11;+;66407594;66410920;66411611;66413497;1
113;23411;chr19;+;40854675;40871624;40871837;40872325;-1
114;964;chr6;-;131191266;131197813;131197915;131199243;1
115;43590;chr20;+;400375;401514;401650;402770;-1
116;10543;chr22;+;50874881;50875416;50875497;50875934;-1
117;47371;chr3;+;124352800;124356054;124356150;124369654;-1
118;24222;chr1;+;17958961;17961042;17961057;17961329;-1
119;12533;chr19;-;7143101;7150507;7150543;7152736;-1
120;53004;chr2;-;218686661;218694566;218694605;218696177;-1
121;49732;chr6;-;170062520;170063658;170063745;170064261;1
122;23906;chr6;-;131931386;131936463;131936481;131937046;-1
123;53285;chr6;-;99862566;99864224;99864304;99873090;-1
124;36116;chr7;-;30617707;30618621;30618744;30618846;-1
125;18881;chr12;+;989197;989886;990165;990857;-1
126;49045;chr5;+;27475802;27477745;27477908;27485032;-1
127;19828;chr14;-;23538826;23540333;23540395;23540635;-1
128;42011;chr6;+;142759501;142762044;142762090;142764473;-1
129;8584;chr17;-;40049427;40052872;40052902;40054001;1
130;33049;chr9;-;116822550;116823204;116823378;116823703;0
131;33398;chr10;+;7745481;7747070;7747145;7749163;0
132;42700;chr1;+;46769492;46774772;46774799;46775826;0
133;48233;chr5;-;42801433;42804757;42804875;42811937;0
134;49853;chr17;-;7077779;7080148;7080220;7080299;0
135;1959;chr9;-;86589504;86590376;86590420;86591909;0
136;48215;chr5;-;42801433;42808252;42808468;42811937;0
137;48687;chr3;+;186505053;186505283;186505373;186505591;0
138;13088;chr12;+;56552495;56553370;56553514;56553758;0
139;60037;chr2;+;85823772;85823944;85824054;85824226;0
140;19665;chr17;+;26646391;26652528;26652673;26653559;0
141;10000;chr12;-;125284788;125292306;125292473;125296415;0
142;10023;chr16;-;58750717;58752099;58752204;58752430;0
143;10024;chr16;-;58756182;58757649;58757806;58768043;0
144;10034;chr7;-;100238495;100238598;100238851;100239099;0
145;10035;chr7;-;100228675;100229428;100229568;100230623;0
146;10036;chr7;-;100229568;100229704;100229821;100230623;0
147;10037;chr7;-;100224526;100224886;100225114;100225199;0
148;10041;chr7;-;100225929;100226875;100226995;100228511;0
149;10073;chr17;-;49124830;49133772;49133843;49156944;0
150;10074;chr17;-;49060033;49062283;49062351;49063058;0
151;10077;chr17;-;49074055;49075804;49075978;49077021;0
152;10079;chr17;-;49084687;49091592;49091714;49097519;0
153;10082;chr10;-;101646389;101648581;101648710;101654702;0
154;10098;chr20;+;62697891;62698267;62698373;62699399;0
155;10103;chr1;-;35915606;35915958;35916110;35917228;0
156;10108;chr1;-;35936561;35940405;35940507;35944566;0
157;10109;chr1;-;35909904;35913773;35913933;35915467;0
158;10111;chr1;-;35940507;35944566;35944813;35972212;0
159;10116;chr19;-;41897867;41898771;41898885;41903085;0
160;10128;chr9;-;19118453;19119647;19119829;19120877;0
161;10129;chr9;-;19123645;19126111;19126307;19126394;0
162;10175;chr19;-;16764936;16770205;16770258;16770769;0
163;10183;chr19;-;42461086;42461169;42461271;42462437;0
164;10184;chr19;-;42461271;42462437;42462535;42462887;0
165;10240;chr19;+;54606496;54609240;54609318;54610117;0
166;10258;chr17;+;53345447;53392587;53392808;53398024;0
167;10270;chr3;-;112267487;112269038;112269109;112272126;0
168;10303;chr19;+;49588893;49589661;49589818;49593547;0
169;1031;chr2;-;20455931;20458003;20458132;20460097;0
170;10312;chr3;-;28378376;28379427;28379527;28379983;0
171;10317;chr20;-;31291873;31292241;31292291;31294384;0
172;10332;chr1;+;113202401;113209695;113209767;113212164;0
173;10333;chr1;+;113192091;113197086;113197293;113201643;0
174;10334;chr1;+;113192091;113196219;113196283;113197086;0
175;10352;chr21;-;30435851;30437288;30437426;30439036;0
176;10353;chr21;-;30440026;30442567;30442658;30445851;0
177;10355;chr6;-;18225961;18226404;18226473;18236682;0
178;10359;chr6;-;18250070;18255961;18256082;18256591;0
179;10361;chr6;-;8016061;8026599;8026658;8041371;0
180;10382;chr2;+;220100015;220100195;220100307;220100429;0
181;10386;chr2;+;220098665;220098854;220099010;220099547;0
182;10394;chr14;+;56103254;56103915;56104082;56104496;0
183;10405;chr14;+;56047072;56078736;56079289;56083234;0
184;10409;chr14;+;56108478;56113690;56113725;56114742;0
185;1041;chr2;-;20455931;20457997;20458132;20460097;0
186;1042;chr2;-;20483247;20490412;20490551;20494136;0
187;10437;chr16;+;10837922;10840999;10841133;10846466;0
188;10440;chr16;+;10855331;10855613;10855716;10861805;0
189;10444;chr16;+;10841133;10846466;10846535;10850546;0
190;1046;chr2;-;20518406;20527070;20527139;20550357;0
191;10460;chr6;-;31661209;31664724;31664810;31668718;0
192;10482;chr7;+;2691876;2692551;2692644;2695725;0
193;10483;chr7;+;2696168;2697919;2698093;2698573;0
194;10487;chr7;+;2692644;2695725;2695818;2696031;0
195;10488;chr7;+;2698093;2698573;2698649;2701301;0
196;10505;chr2;-;208478167;208486529;208486641;208488952;0
197;10512;chr1;+;31819587;31821675;31821821;31836878;0
198;1052;chr17;+;61907309;61907492;61907549;61907630;0
199;10528;chr1;+;54423953;54426028;54426147;54427706;0
200;10540;chr11;-;102954055;102959955;102960047;102962515;0
201;1056;chr17;+;61907861;61908168;61908295;61908395;0
202;10565;chr22;+;50832564;50845117;50845304;50852980;0
203;1057;chr17;+;61905569;61906853;61906923;61907211;0
204;1059;chr17;+;61908586;61908686;61908785;61908865;0
205;1060;chr5;-;1318568;1320730;1320846;1321749;0
206;10605;chr6;-;31696522;31696641;31697002;31697827;0
207;1061;chr5;-;1334498;1335171;1335289;1338018;0
208;10612;chr6;+;31911770;31911911;31912003;31912503;0
209;10613;chr6;+;31905236;31907007;31907097;31910735;0
210;10619;chr6;+;31903838;31905095;31905236;31907007;0
211;1062;chr5;-;1323026;1323901;1323984;1324877;0
212;10620;chr6;+;31918549;31918644;31918721;31918920;0
213;10623;chr6;+;31918180;31918395;31918549;31918920;0
214;10625;chr6;+;31907097;31910735;31910876;31911001;0
215;10650;chr4;+;152024231;152025328;152025438;152025623;0
216;10652;chr4;+;152020866;152021636;152021740;152024022;0
217;10682;chr3;+;184019446;184020157;184020316;184020466;0
218;10684;chr3;+;184024283;184024538;184024622;184025144;0
219;10701;chr17;+;48814387;48817666;48817706;48818462;0
220;10704;chr17;+;48821171;48822012;48822174;48823080;0
221;10709;chr17;+;48824063;48827861;48828002;48828107;0
222;10715;chr20;-;43133532;43135467;43135637;43138531;0
223;10717;chr20;-;43132636;43133441;43133532;43135467;0
224;10722;chr20;-;43141635;43142519;43142681;43150553;0
225;10733;chr14;-;35564390;35565763;35565839;35568457;0
226;10743;chr14;-;35554984;35557156;35557216;35564253;0
227;10750;chr14;-;35560413;35568457;35568590;35576509;0
228;10751;chr14;-;35565839;35565914;35565970;35568457;0
229;10768;chr22;-;39709315;39709638;39709734;39710111;0
230;10803;chr2;+;170657536;170661983;170662087;170662174;0
231;10805;chr2;+;170655486;170657461;170657536;170661983;0
232;10806;chr22;+;38245489;38246021;38246070;38247286;0
233;10807;chr22;+;38274178;38282771;38282852;38284432;0
234;10813;chr22;+;38251651;38254685;38254747;38258975;0
235;10814;chr22;+;38247497;38254685;38254747;38258975;0
236;10821;chr6;-;129950667;129955186;129955250;129959538;0
237;10823;chr6;-;129927104;129929037;129929197;129932677;0
238;10825;chr6;-;129921993;129927021;129927104;129929037;0
239;10826;chr6;-;129921993;129927021;129927104;129932677;0
240;1084;chr6;-;44081946;44084277;44084366;44095080;0
241;10840;chr1;-;202733273;202736053;202736188;202742245;0
242;10841;chr1;-;202700191;202700955;202701067;202702528;0
243;1085;chr6;-;44081946;44084277;44084366;44093689;0
244;10855;chr18;+;43702556;43703264;43703330;43704787;0
245;10857;chr18;+;43685334;43699891;43700026;43702432;0
246;1086;chr6;-;44081946;44084277;44084366;44094991;0
247;10871;chr16;-;87874761;87885329;87885455;87902490;0
248;10905;chr1;-;54511459;54512939;54513045;54518834;0
249;10906;chr1;-;54511459;54512939;54513045;54518672;0
250;10907;chr1;-;54509198;54511364;54511459;54512939;0
251;10909;chr1;-;54509198;54511364;54511459;54519028;0
252;10910;chr19;+;13059627;13059894;13059973;13060088;0
253;10939;chr5;+;138980020;138994281;138994359;138994445;0
254;10940;chr5;+;138994551;139002952;139003046;139006340;0
255;10941;chr5;+;138980020;138994170;138994202;138994281;0
256;10942;chr5;+;138980020;138994445;138994551;139002952;0
257;10954;chr19;+;7704693;7705616;7705695;7705785;0
258;10962;chr19;+;7703986;7704616;7704693;7705785;0
259;10963;chr19;+;7703661;7703904;7703986;7704616;0
260;10964;chr19;+;7705889;7706590;7706739;7706919;0
261;10978;chr20;+;31019482;31020682;31020788;31021086;0
262;11003;chr2;-;65541303;65543867;65544017;65559120;0
263;11021;chr4;+;84379582;84380892;84380950;84382125;0
264;11043;chr8;-;124333415;124335177;124335306;124338132;0
265;11044;chr8;-;124384075;124384876;124384926;124392768;0
266;11048;chr4;-;187516980;187517693;187518325;187518835;0
267;11051;chr4;-;187560937;187584452;187584767;187627716;0
268;11067;chr3;+;184106529;184106680;184106783;184107154;0
269;11074;chr3;+;184099412;184099503;184099603;184099720;0
270;11076;chr12;+;112147488;112150301;112150461;112153624;0
271;1108;chr15;-;91512853;91513633;91513744;91517365;0
272;11095;chr3;+;10157503;10167309;10167392;10167952;0
273;11113;chr3;-;25642716;25646250;25646361;25647533;0
274;11117;chr3;-;25660340;25661352;25661553;25662172;0
275;11131;chr13;+;24200931;24233188;24233353;24242118;0
276;11174;chr1;-;2121220;2124085;2124414;2125077;0
277;11183;chr10;-;74128113;74135540;74135630;74167686;0
278;11189;chr14;+;64877867;64879189;64879243;64882075;0
279;11195;chr14;+;64916340;64920471;64920579;64921440;0
280;11242;chr6;+;31707839;31708230;31708390;31708939;0
281;11249;chr6;+;31726070;31726324;31726397;31726542;0
282;11258;chr4;+;99970027;99978903;99978969;99982304;0
283;11264;chr4;+;99964538;99966329;99966461;99969883;0
284;11286;chr10;-;105152040;105152127;105152223;105156165;0
285;11301;chr14;+;103934523;103941329;103941547;103946723;0
286;11306;chr14;+;103871604;103894723;103894777;103915255;0
287;11311;chr14;+;103933528;103934369;103934523;103941329;0
288;11318;chr7;+;43798333;43810736;43810769;43827502;0
289;11324;chr9;+;100819222;100823063;100823279;100839199;0
290;11337;chr17;+;29844895;29848183;29848378;29848932;0
291;11361;chr16;+;313774;314014;314170;314612;0
292;11376;chr2;+;118582284;118582515;118582677;118583022;0
293;11407;chr5;-;132334542;132335823;132335893;132342450;0
294;11424;chr1;+;201840455;201841955;201842089;201843377;0
295;11441;chr11;+;73627705;73629994;73630077;73635659;0
296;11442;chr11;+;73630077;73635659;73635742;73638329;0
297;11463;chr5;+;162943717;162944566;162944680;162945198;0
298;11476;chr5;+;72286691;72302271;72302376;72311452;0
299;11477;chr12;-;112846142;112846223;112846460;112848123;0
300;11491;chr2;+;27658094;27658589;27658613;27659619;0
301;11492;chr2;+;27660227;27662632;27662765;27663269;0
302;11497;chr14;+;73673180;73678476;73678650;73683833;0
303;11516;chr1;+;225997871;226016425;226016613;226019479;0
304;11544;chr2;-;44171033;44172470;44172556;44173251;0
305;11546;chr2;-;44121768;44123772;44123847;44126357;0
306;11554;chr1;+;154407632;154408444;154408586;154420600;0
307;11562;chr12;+;2904410;2906303;2906448;2906894;0
308;11566;chr17;-;40277916;40278772;40278866;40280278;0
309;11582;chr7;+;35922186;35923500;35923597;35925437;0
310;11588;chr13;-;52709999;52710251;52710395;52710935;0
311;11589;chr13;-;52707951;52710251;52710395;52710935;0
312;11592;chr13;-;52707951;52709864;52709999;52710935;0
313;11598;chr13;-;52728308;52730209;52730383;52733677;0
314;11606;chr17;-;48470258;48472289;48472349;48474573;0
315;11618;chr22;-;41664160;41670603;41670731;41676936;0
316;11621;chr22;-;41652828;41653951;41654110;41657449;0
317;11641;chr1;+;24120242;24120349;24120420;24120552;0
318;11642;chr1;+;24120420;24120552;24120626;24120713;0
319;11643;chr1;+;24119250;24119497;24119529;24119640;0
320;11702;chr9;+;91926266;91930084;91930212;91931287;0
321;11703;chr9;+;100767435;100773552;100773671;100774702;0
322;11743;chr4;+;2877837;2883624;2883787;2886241;0
323;11745;chr4;+;2900054;2900159;2900258;2900985;0
324;11746;chr4;+;2910331;2916610;2916767;2927740;0
325;11748;chr4;+;2886393;2895739;2895820;2896308;0
326;1175;chr14;+;35522657;35546355;35546422;35548132;0
327;11762;chr5;+;175926086;175927003;175927147;175933768;0
328;11767;chr1;+;203831350;203832790;203832853;203834168;0
329;11768;chr1;+;203830871;203831309;203831350;203832790;0
330;1177;chr14;+;35515834;35522483;35522657;35546355;0
331;11778;chr8;+;30013922;30021626;30021691;30032600;0
332;11780;chr8;+;30021691;30032600;30032706;30034641;0
333;11782;chr5;-;133945364;133948380;133948446;133956622;0
334;11786;chr5;-;133948446;133956622;133956742;133959651;0
335;11793;chr10;-;75135975;75138668;75138781;75139636;0
336;11798;chrX;-;152935581;152935904;152936049;152936198;0
337;11808;chr19;-;2102267;2108685;2108765;2109084;0
338;11809;chr19;-;2123878;2127150;2127200;2129088;0
339;11811;chr19;-;2114301;2114746;2114820;2115217;0
340;11821;chr17;+;40172222;40173581;40173689;40174416;0
341;11822;chr17;+;40173689;40174416;40174658;40175671;0
342;11835;chr20;+;62152247;62152636;62152716;62152864;0
343;11861;chr1;+;198262169;198266256;198266370;198288541;0
344;11877;chr15;-;34837627;34839135;34839183;34843338;0
345;11883;chr6;+;138200488;138201207;138201389;138202171;0
346;11925;chr22;+;31668690;31669437;31669493;31671136;0
347;11930;chr14;-;31583546;31585441;31585664;31588915;0
348;11932;chr14;-;31570530;31572121;31572272;31574588;0
349;11936;chr14;-;31597212;31597817;31598654;31602443;0
350;11940;chr14;-;31589072;31590588;31590711;31592119;0
351;11942;chr1;+;154245252;154245955;154246074;154246249;0
352;11945;chr1;+;154245252;154245811;154246074;154247425;0
353;11946;chr1;+;154245252;154245811;154246074;154246249;0
354;11947;chr1;+;154246074;154246249;154246437;154247425;0
355;11948;chr1;+;154245252;154246249;154246437;154247425;0
356;11970;chr2;-;203072044;203072590;203072725;203075457;0
357;11973;chr2;-;203072044;203075457;203075529;203079079;0
358;11989;chr1;+;184023997;184041290;184041444;184041960;0
359;11993;chr22;+;41697776;41716658;41716717;41721567;0
360;11997;chr22;+;41736141;41737091;41737150;41738532;0
361;12000;chr11;+;16766231;16769643;16769704;16774331;0
362;12001;chr11;+;16760388;16766147;16766231;16769643;0
363;12002;chr11;+;16769704;16774331;16774441;16776417;0
364;12006;chr20;+;60962730;60962898;60962970;60963364;0
365;12008;chr11;+;43837941;43852525;43852560;43859866;0
366;12017;chr12;+;27863888;27867712;27867753;27869223;0
367;12035;chr7;-;32914769;32919046;32919554;32931147;0
368;12078;chr19;+;47634285;47646750;47646862;47653458;0
369;12095;chr6;-;33384553;33384696;33384746;33384873;0
370;12106;chr9;-;111631462;111637174;111637250;111640274;0
371;12108;chr9;-;111658924;111659232;111659318;111659427;0
372;12111;chr1;-;20982272;20982593;20982680;20987373;0
373;12120;chr6;-;170886805;170887944;170888058;170892144;0
374;12139;chr12;-;111947802;111948188;111948386;111951160;0
375;12148;chr19;-;39306647;39306923;39306995;39307092;0
376;12183;chr7;-;72864019;72865176;72865324;72873865;0
377;12184;chr7;-;72865324;72873865;72874048;72877251;0
378;12193;chr10;+;82228443;82248972;82249070;82264483;0
379;12209;chr5;-;162881056;162883934;162884086;162884567;0
380;12236;chr3;-;138402629;138403466;138403645;138407716;0
381;12239;chr3;-;138452280;138453475;138453646;138456548;0
382;12240;chr3;-;138453646;138456548;138456728;138461399;0
383;12257;chr22;+;31796729;31799014;31799190;31806997;0
384;12263;chr17;-;65124971;65132085;65132314;65134046;0
385;12264;chr17;-;65190158;65191534;65191586;65197244;0
386;12279;chr19;+;14675670;14675760;14675804;14675877;0
387;12280;chr19;+;14676102;14676429;14676475;14676555;0
388;12310;chr5;+;138651877;138655022;138655190;138657586;0
389;12311;chr5;+;138654722;138655022;138655190;138657586;0
390;12313;chr5;+;138629494;138651385;138651427;138651764;0
391;12323;chr5;+;138629494;138650363;138650425;138651385;0
392;12336;chr22;+;29683123;29684594;29684775;29688125;0
393;12337;chr22;+;29692358;29693816;29693939;29694722;0
394;12345;chr12;-;88447523;88448116;88448190;88449352;0
395;12391;chr16;-;3708231;3708793;3708866;3711987;0
396;12393;chr16;-;3721792;3722700;3722821;3724339;0
397;1241;chr1;-;146685037;146687323;146687512;146696486;0
398;12420;chr3;+;9982890;9984496;9984580;9984760;0
399;12445;chr4;+;509974;510127;510265;514844;0
400;1245;chr1;+;182828252;182829127;182829319;182835578;0
401;12467;chr11;-;68665480;68668015;68668073;68671190;0
402;12468;chr11;-;68665480;68668002;68668073;68671190;0
403;1248;chr1;+;182808591;182811679;182811812;182812428;0
404;12482;chr11;+;47281530;47281959;47282226;47282791;0
405;125;chr1;+;94965170;94972093;94972198;94980701;0
406;12510;chr19;+;5690611;5691329;5691464;5691542;0
407;12523;chr19;-;40329845;40330872;40330967;40331053;0
408;12574;chr5;+;72795027;72798312;72798426;72798740;0
409;12575;chr5;+;72798942;72800171;72800228;72801016;0
410;12577;chr5;+;72794383;72794958;72795027;72798312;0
411;12685;chr20;-;35137228;35139282;35139435;35140887;0
412;12687;chr11;+;67254656;67256737;67256926;67257508;0
413;1269;chr1;-;204210942;204213991;204214131;204214742;0
414;12701;chr1;-;21923757;21924178;21924221;21924453;0
415;12717;chr16;+;29974910;29979345;29979575;29982728;0
416;12732;chr1;-;226552855;226553654;226553753;226555180;0
417;12756;chr22;+;38461137;38463710;38463777;38465039;0
418;12758;chr22;+;38455352;38461008;38461137;38463710;0
419;12759;chr2;+;101549463;101554214;101554304;101564696;0
420;12771;chr17;-;40345612;40345784;40345868;40346410;0
421;12837;chr10;+;18955564;18957458;18957606;18961550;0
422;12838;chr10;+;18957606;18961550;18961634;18962912;0
423;12895;chr6;-;32156281;32156499;32156573;32157471;0
424;12896;chr6;-;32154467;32154589;32154678;32155018;0
425;12900;chr9;+;139686229;139686398;139686482;139686702;0
426;12901;chr9;+;139685876;139686398;139686482;139686702;0
427;12924;chr14;+;53187908;53190522;53190592;53190682;0
428;12925;chr14;+;53177886;53178127;53178242;53180598;0
429;12926;chr14;+;53184860;53184946;53185070;53185694;0
430;12927;chr14;+;53175534;53177818;53177886;53178127;0
431;12929;chr14;+;53174022;53175200;53175240;53175481;0
432;12934;chr14;+;23235973;23236456;23236618;23237166;0
433;12936;chr14;+;23240389;23240476;23240557;23240642;0
434;12937;chr14;+;23237380;23238999;23239143;23239401;0
435;12939;chr14;+;23235973;23237166;23237380;23238999;0
436;12956;chr5;-;110837786;110840712;110840741;110842027;0
437;12963;chrX;-;108926647;108939372;108939425;108976367;0
438;12965;chrX;-;108926601;108939372;108939425;108976367;0
439;12966;chrX;-;108926781;108939372;108939425;108976367;0
440;12968;chrX;-;108887415;108902582;108902740;108904759;0
441;12969;chrX;-;108926125;108926364;108926604;108939372;0
442;12971;chrX;-;108926125;108926364;108926601;108939372;0
443;12972;chrX;-;108926125;108926364;108926895;108939372;0
444;12984;chrX;-;108887415;108904759;108904874;108906439;0
445;1299;chr3;-;78648077;78649262;78649459;78655882;0
446;13048;chr10;+;5005720;5008105;5008273;5009118;0
447;1305;chr3;-;78717452;78717633;78717715;78719245;0
448;13051;chr7;-;44619227;44620691;44620838;44621047;0
449;13076;chr20;+;47895253;47895640;47895745;47897021;0
450;13115;chr2;+;120640199;120643370;120643458;120672754;0
451;13117;chr2;+;120635118;120639361;120639406;120639672;0
452;13120;chr2;+;120672818;120677644;120677817;120684173;0
453;13143;chr2;+;159433895;159459581;159459616;159477501;0
454;13144;chr2;+;159389828;159459581;159459616;159477501;0
455;13145;chr2;+;159477933;159481389;159481939;159488264;0
456;13155;chr2;+;159523075;159526231;159526427;159530188;0
457;1318;chr1;-;154185100;154186932;154187050;154192311;0
458;13206;chrX;+;54841208;54841680;54842123;54842313;0
459;1321;chr1;-;154186422;154186932;154187050;154192817;0
460;13217;chr20;+;21209753;21213371;21213468;21224882;0
461;1325;chr5;+;75961000;75964505;75964669;75967583;0
462;13252;chr1;+;22413041;22413161;22413359;22417920;0
463;13270;chr14;+;70235613;70235898;70235968;70237183;0
464;13271;chr14;+;70235613;70237183;70237257;70237711;0
465;13283;chr6;-;143823259;143823491;143823702;143825049;0
466;13285;chr6;-;143823259;143825049;143825389;143828373;0
467;13298;chr9;+;33025381;33026472;33026614;33029882;0
468;13307;chr1;+;222835674;222835799;222835871;222837339;0
469;13312;chr9;+;127982979;127990188;127990338;127994874;0
470;13326;chrY;+;15026561;15026795;15026894;15026978;0
471;13328;chr10;+;102738397;102738605;102738775;102738858;0
472;13329;chr10;+;102729348;102729448;102729681;102732285;0
473;13375;chr1;+;36772886;36773117;36773208;36773370;0
474;13379;chr17;-;1375522;1377903;1377984;1378105;0
475;13383;chr2;+;25016834;25022543;25022713;25037244;0
476;13390;chr2;+;74087278;74087660;74087716;74089329;0
477;13424;chr17;-;57140009;57141715;57141766;57148183;0
478;13429;chr6;-;160206528;160206931;160207029;160208774;0
479;13433;chr6;-;160200293;160200658;160200822;160200926;0
480;13471;chr2;-;15534473;15536536;15536599;15542291;0
481;13521;chr1;+;100544104;100546051;100546215;100547558;0
482;13522;chr1;+;100503872;100515464;100515560;100524221;0
483;13524;chr1;+;100533751;100534028;100534142;100535169;0
484;1353;chr2;+;99232809;99232894;99232996;99234630;0
485;13546;chr8;+;9584230;9588399;9588545;9590788;0
486;13562;chr4;+;140616421;140624608;140624690;140625169;0
487;13600;chr17;-;10595281;10596080;10596278;10599057;0
488;13602;chr12;+;110574665;110581186;110581350;110584757;0
489;13610;chr5;-;179405285;179407128;179407200;179440060;0
490;13647;chr11;+;66583670;66589113;66589235;66595736;0
491;13682;chr2;+;48010632;48018065;48018262;48023032;0
492;13688;chr1;+;2075780;2077465;2077547;2080310;0
493;13691;chr1;+;2082417;2087433;2087531;2100956;0
494;13724;chr17;-;37584043;37587367;37587441;37588194;0
495;13733;chr11;-;61069831;61070053;61070223;61070517;0
496;13749;chr16;-;87377371;87380779;87380856;87393900;0
497;1375;chr14;-;76118232;76121228;76121319;76123712;0
498;13763;chr12;+;121132803;121132897;121132955;121134118;0
499;13764;chr12;+;121132072;121132626;121132803;121134118;0
500;13831;chr6;-;170855272;170858093;170858201;170862217;0
501;13832;chr6;-;170844493;170846321;170846428;170852688;0
502;13834;chr17;-;40271736;40272047;40272137;40272242;0
503;1387;chr11;-;64888278;64888452;64888508;64888971;0
504;13923;chr5;+;179994242;179994848;179995003;179996109;0
505;13936;chr5;+;126859274;126860222;126860612;126862309;0
506;13961;chr18;-;2934448;2937689;2938035;2939477;0
507;13978;chr7;-;76028114;76029602;76029908;76030324;0
508;13983;chr17;+;19552437;19554859;19555091;19555859;0
509;13987;chr17;+;19566812;19568260;19568360;19575033;0
510;14005;chr20;-;2443873;2444392;2444545;2446353;0
511;14019;chr14;+;23776488;23776968;23777408;23788943;0
512;14020;chr14;+;23792692;23793173;23793261;23793346;0
513;14047;chrX;-;132730627;132795757;132795878;132887508;0
514;14051;chrX;-;132834056;132887508;132888203;133087076;0
515;14054;chrX;-;132670321;132887508;132888203;133087076;0
516;14061;chrX;-;132795878;132826396;132826522;132833922;0
517;14065;chrX;-;132670321;132730467;132730627;132795757;0
518;14066;chrX;-;132670321;132730467;132730627;132887508;0
519;14071;chrX;-;132795878;132833922;132834056;132887508;0
520;14074;chr18;+;19348713;19353584;19353689;19358063;0
521;14090;chr12;+;6879165;6879322;6879384;6879557;0
522;1410;chr2;+;187366152;187367222;187367314;187368758;0
523;1411;chr2;+;187365020;187367222;187367314;187368758;0
524;14118;chr1;-;44687312;44707586;44707752;44713610;0
525;14124;chr2;-;75928413;75929324;75929549;75933648;0
526;1414;chr2;+;187365020;187365999;187366152;187367222;0
527;14143;chr10;+;92982740;93000240;93000337;93008261;0
528;14145;chr6;-;31765826;31766253;31766284;31773851;0
529;14146;chr6;-;31765659;31765766;31765826;31773851;0
530;1415;chr2;+;187365020;187365999;187366152;187368758;0
531;1416;chr2;+;187368941;187370177;187370324;187370466;0
532;14170;chr15;-;90342790;90344341;90344418;90344665;0
533;14172;chr15;-;90336357;90340805;90340953;90342490;0
534;14177;chr15;-;90347848;90348308;90348448;90348551;0
535;14194;chr19;+;35551416;35551530;35551721;35556153;0
536;14205;chr19;+;35531449;35532625;35533426;35540193;0
537;14210;chr19;+;35550706;35550777;35550900;35551032;0
538;14251;chr11;+;93540801;93542882;93543042;93545018;0
539;14257;chr11;+;65769984;65770705;65770844;65771096;0
540;14258;chr11;+;65770041;65770705;65770844;65771096;0
541;14259;chr12;+;51019830;51034506;51034635;51053976;0
542;14264;chr12;+;51118669;51121485;51121595;51122330;0
543;14281;chr22;+;36653453;36657641;36657768;36661196;0
544;1429;chr15;+;43441077;43441226;43441349;43443987;0
545;143;chr3;+;183860930;183861229;183861353;183861886;0
546;14302;chr17;+;73230883;73231194;73231296;73231672;0
547;14308;chr17;+;73221559;73221792;73221924;73222145;0
548;14358;chr19;-;6452490;6453991;6454099;6454333;0
549;14370;chr3;+;195953990;195954534;195954608;195954985;0
550;14373;chr3;+;195955144;195955679;195955791;195956785;0
551;14384;chr19;+;1271035;1271138;1271245;1271327;0
552;14414;chr9;-;26884883;26886101;26886186;26887310;0
553;14466;chr5;-;1489973;1494814;1495029;1501575;0
554;145;chr3;+;183855863;183855953;183856034;183857867;0
555;14533;chr19;-;47280662;47281931;47282165;47285639;0
556;14537;chr6;+;44118047;44118300;44118366;44119582;0
557;14538;chr6;+;44108835;44114583;44114664;44115113;0
558;1454;chr16;+;4715152;4718265;4718313;4721391;0
559;14542;chr6;+;44118366;44119582;44119745;44120329;0
560;14562;chr16;-;85012891;85015475;85015600;85023909;0
561;14591;chr16;-;23596744;23598517;23598640;23607443;0
562;14592;chr16;-;23592494;23593596;23593696;23596656;0
563;14598;chr20;-;49557746;49558567;49558663;49562273;0
564;14599;chr20;-;49565199;49571722;49571822;49574899;0
565;14600;chr20;-;49558663;49562273;49562299;49562383;0
566;14603;chr16;+;69191143;69194258;69194365;69199243;0
567;14608;chr16;+;69194365;69196985;69197081;69199243;0
568;14609;chr16;+;69171788;69173727;69173817;69177080;0
569;14629;chr14;-;36784121;36785898;36786018;36789665;0
570;14631;chr14;-;36780931;36781164;36781230;36783717;0
571;14685;chr16;+;53488754;53493362;53493529;53495652;0
572;14695;chr3;+;52019481;52019867;52019962;52020270;0
573;14696;chr3;+;52021640;52022539;52022619;52022781;0
574;14707;chr12;+;45782086;45784203;45784281;45795577;0
575;14726;chr18;+;3594238;3594417;3594482;3596576;0
576;14741;chr22;+;41360121;41363802;41363888;41368479;0
577;14742;chr22;+;41349637;41363802;41363888;41368479;0
578;14745;chr22;+;41349637;41360050;41360121;41368479;0
579;14748;chr11;+;95552068;95555034;95555142;95560949;0
580;14749;chr11;+;95532552;95546095;95546275;95546631;0
581;14757;chr11;+;95546753;95550950;95551067;95551990;0
582;14771;chr3;-;145799650;145802955;145803060;145804573;0
583;14778;chr3;-;145791139;145794568;145794682;145796902;0
584;14779;chr3;-;145791139;145794568;145794682;145795648;0
585;14788;chr14;-;94912941;94914468;94915114;94919065;0
586;14811;chr11;-;62567958;62568565;62568673;62568800;0
587;14822;chr12;-;123694709;123699290;123699381;123702922;0
588;14877;chr11;-;116707127;116707716;116707873;116708060;0
589;1488;chr6;-;86328657;86328985;86329135;86332199;0
590;14884;chr22;+;21947245;21965145;21965332;21975803;0
591;14892;chr15;+;43627368;43627893;43628024;43628823;0
592;149;chr22;+;24129449;24133942;24134081;24135745;0
593;14908;chr6;+;42620383;42623358;42623461;42625761;0
594;14916;chr15;+;41657787;41663724;41663882;41667909;0
595;14945;chr20;-;54945715;54948463;54948612;54956488;0
596;1495;chr10;-;88811627;88813098;88813161;88817447;0
597;14960;chr2;-;98273423;98273614;98273655;98273910;0
598;14962;chr2;-;98275940;98278344;98278409;98280305;0
599;14965;chr2;-;98275940;98277033;98277109;98280305;0
600;14973;chr14;-;77949010;77950665;77950908;77951019;0
601;14975;chr2;+;183624034;183627408;183627528;183640042;0
602;14992;chr5;-;32395410;32397324;32397444;32400111;0
603;1500;chr10;-;88820582;88820671;88820809;88822412;0
604;15001;chr8;-;54682303;54684548;54684727;54708206;0
605;15042;chr8;-;103274298;103276701;103276786;103277327;0
606;15044;chr8;-;103289420;103291053;103291167;103291263;0
607;15068;chr5;+;32588690;32591668;32591791;32599066;0
608;15069;chr5;+;32585731;32591668;32591791;32599066;0
609;15070;chr5;+;32571280;32591668;32591791;32599066;0
610;15073;chr5;+;32571280;32588617;32588690;32591668;0
611;15074;chr5;+;32585731;32588617;32588690;32599066;0
612;15075;chr5;+;32585731;32588617;32588690;32591668;0
613;15076;chr5;+;32591791;32599066;32599175;32601110;0
614;1508;chr1;-;186294986;186295235;186295367;186296591;0
615;1509;chr1;-;186287735;186287864;186287960;186289443;0
616;15090;chrX;-;70470576;70471027;70471094;70471407;0
617;151;chr22;+;24129449;24133942;24134054;24135745;0
618;1510;chr1;-;186307375;186308773;186308904;186310159;0
619;1511;chr1;-;186321242;186322819;186322982;186324541;0
620;1512;chr1;-;186303665;186304199;186304261;186304469;0
621;15132;chr12;-;9096131;9096396;9096506;9098013;0
622;1515;chr1;-;186310291;186310383;186310521;186312457;0
623;15154;chr11;-;64557746;64557865;64557934;64559380;0
624;15161;chr19;+;10870487;10883154;10883304;10886378;0
625;15166;chr3;+;152174150;152175797;152175982;152177059;0
626;15185;chr5;+;52379283;52382781;52382871;52385775;0
627;15188;chr8;+;109482350;109488110;109488192;109489010;0
628;15190;chr8;+;109455927;109458390;109458530;109462051;0
629;15204;chr5;+;74009460;74012411;74012498;74014115;0
630;15205;chr5;+;74011515;74012411;74012498;74014115;0
631;15206;chr5;+;74009460;74011334;74011515;74012411;0
632;15207;chr5;+;74016343;74016467;74016572;74016942;0
633;15212;chr19;+;11218190;11221327;11221447;11222189;0
634;15214;chr19;+;11234020;11238683;11238761;11240188;0
635;15216;chr19;+;11231198;11233849;11234020;11238683;0
636;15219;chr19;+;11227674;11230767;11230909;11233849;0
637;15222;chr6;+;132198301;132199681;132199733;132201019;0
638;15223;chr6;+;132198301;132199681;132199733;132201102;0
639;15224;chr6;+;132189266;132190497;132190629;132193209;0
640;15230;chr9;-;74349910;74354978;74355148;74359933;0
641;15231;chr9;-;74300762;74305007;74305162;74309424;0
642;15232;chr9;-;74340625;74344760;74344830;74344963;0
643;15233;chr9;-;74300309;74300658;74300762;74305007;0
644;15236;chr9;-;74305162;74309424;74309523;74312900;0
645;15247;chr17;-;38569223;38569446;38569544;38569731;0
646;15248;chr17;-;38563926;38564218;38564376;38564743;0
647;15249;chr17;-;38548989;38551700;38551791;38552534;0
648;15281;chr11;-;33107535;33108533;33108687;33112077;0
649;15297;chr19;-;39409170;39409405;39409453;39410401;0
650;1531;chr10;-;15296878;15317853;15317946;15325876;0
651;15310;chr19;+;45409924;45411016;45411209;45411789;0
652;15311;chr19;+;45409098;45409843;45409924;45411016;0
653;15312;chr19;+;45409098;45409858;45409924;45411016;0
654;1532;chr10;-;15263059;15290637;15290814;15296719;0
655;15321;chr20;-;45239248;45242098;45242191;45279949;0
656;15325;chr20;-;45239248;45242098;45242364;45279949;0
657;15333;chr3;-;15807819;15836729;15836813;15900883;0
658;15344;chr19;-;12779431;12779941;12780047;12780167;0
659;15353;chr6;+;150117636;150123335;150123552;150131751;0
660;15354;chr6;+;150117636;150123335;150123505;150131751;0
661;15368;chr2;-;175216453;175243650;175243768;175244929;0
662;15400;chr1;+;986749;986832;987025;987107;0
663;15401;chr1;+;979112;979202;979403;979488;0
664;15411;chr17;+;80699269;80706730;80706853;80708292;0
665;15412;chr17;+;80693653;80696364;80696516;80698638;0
666;15420;chr2;-;84652727;84658631;84658783;84660475;0
667;15456;chr2;-;242439696;242440154;242440211;242440892;0
668;15464;chr2;-;242437102;242437649;242437764;242438053;0
669;15474;chr19;-;4660015;4660680;4660762;4664887;0
670;15475;chr19;-;4658096;4659942;4660015;4664887;0
671;15477;chr19;-;4660762;4664887;4664949;4668606;0
672;15481;chr2;+;118846242;118853994;118854002;118860772;0
673;1557;chr11;-;45958120;45959707;45959863;45967390;0
674;15573;chr7;+;92017355;92019284;92019430;92020479;0
675;15583;chr16;+;30764878;30767502;30767593;30767687;0
676;15628;chr16;+;30080299;30080626;30080710;30080819;0
677;15636;chr11;-;60665423;60665572;60665743;60666012;0
678;15691;chr6;-;99993106;99994270;99994350;99997383;0
679;15692;chr6;-;100009312;100009472;100009557;100010717;0
680;15709;chr14;-;39517933;39524346;39524500;39530968;0
681;15710;chr14;-;39536500;39543618;39543734;39545138;0
682;15711;chr14;-;39510091;39511989;39512076;39514366;0
683;15722;chr14;-;39543734;39545138;39545297;39554965;0
684;15723;chr14;-;39545297;39554965;39555110;39556132;0
685;15726;chr14;-;39532617;39534116;39534197;39536376;0
686;15727;chr14;-;39517933;39530968;39531075;39532527;0
687;15730;chr14;-;39514528;39517855;39517933;39534116;0
688;15732;chr4;+;113182018;113186164;113186223;113186889;0
689;15733;chr4;+;113184242;113186164;113186223;113186889;0
690;15767;chr16;-;28188653;28192261;28192352;28220307;0
691;15771;chr16;-;28116028;28117363;28117535;28117703;0
692;15773;chr16;-;28124371;28128638;28128783;28132990;0
693;15774;chr16;-;28117818;28118842;28118998;28123137;0
694;15804;chr3;+;155621749;155623948;155624052;155628480;0
695;15805;chr3;+;155637127;155639975;155640091;155643029;0
696;15818;chr5;-;127396936;127412638;127412785;127418426;0
697;15857;chr1;-;36933822;36934756;36934858;36935252;0
698;15859;chr1;-;36932912;36933158;36933252;36933422;0
699;15861;chr1;-;36937247;36937666;36937740;36937838;0
700;15880;chr3;+;53883822;53886025;53886153;53886897;0
701;15907;chr2;+;112854729;112854809;112854868;112856171;0
702;15921;chr3;-;171453427;171455321;171455449;171455681;0
703;15925;chr3;-;171330222;171338175;171338310;171360629;0
704;15926;chr18;+;12009986;12012168;12012214;12014263;0
705;15993;chr2;+;210882283;210882513;210882611;210884392;0
706;15999;chr11;-;118888255;118888667;118888763;118888991;0
707;16001;chr11;-;118886649;118888071;118888255;118888667;0
708;16042;chr15;+;63349317;63351761;63351879;63353067;0
709;16047;chr11;-;77815499;77817852;77817992;77820487;0
710;16058;chr11;-;77835260;77838403;77838482;77850539;0
711;16086;chr2;+;28521358;28533065;28533236;28561316;0
712;16087;chr2;+;28113709;28117399;28117551;28152698;0
713;16090;chr2;+;28521358;28550094;28550314;28561316;0
714;16091;chr2;+;28464260;28467646;28467729;28521204;0
715;16123;chr20;+;42328684;42331129;42331543;42333858;0
716;16156;chr1;+;203809502;203816311;203816815;203817458;0
717;16157;chr1;+;203764922;203770702;203770767;203772084;0
718;16161;chr1;+;203799331;203800788;203800899;203802918;0
719;16162;chr1;+;203816815;203817458;203817535;203818838;0
720;16167;chr1;+;203802981;203807093;203807192;203809433;0
721;16172;chr14;-;24662475;24663880;24664242;24679553;0
722;16175;chr1;-;8074456;8075367;8075444;8075554;0
723;16186;chr6;+;76423297;76423390;76423541;76425100;0
724;16187;chr6;+;76419346;76421043;76421132;76423228;0
725;16191;chr6;-;53385758;53387212;53387325;53409293;0
726;16195;chr6;-;53381020;53385575;53385758;53387212;0
727;16215;chr10;+;124797363;124799981;124800188;124800724;0
728;16216;chr10;+;124810702;124812576;124812676;124813210;0
729;16217;chr10;+;124806814;124810564;124810702;124812576;0
730;16218;chr10;+;124797363;124800724;124800895;124802561;0
731;16238;chr10;-;104861083;104865462;104865558;104899162;0
732;16242;chr10;-;104859776;104860508;104860721;104860801;0
733;16245;chr10;-;104934739;104940941;104941085;104952992;0
734;16288;chr3;+;101293123;101298432;101298610;101298685;0
735;16295;chr3;+;101298848;101304280;101304355;101309058;0
736;16296;chr3;+;101293123;101298432;101298848;101304280;0
737;16300;chr2;+;191225032;191227352;191227413;191231420;0
738;16301;chr2;+;191225032;191227352;191227413;191229838;0
739;16322;chr19;-;39924209;39924304;39924401;39926246;0
740;16357;chr2;+;191789319;191792031;191792208;191795162;0
741;16369;chr14;+;35780101;35782086;35782265;35783566;0
742;16371;chr14;+;35782265;35783566;35783661;35786454;0
743;16376;chr14;+;35778201;35779945;35780101;35782086;0
744;16385;chr5;+;172351112;172353511;172353572;172359438;0
745;16386;chr5;+;172341841;172353511;172353572;172359438;0
746;16389;chr5;+;172324077;172336669;172336764;172341716;0
747;16391;chr5;+;172341841;172351007;172351112;172353511;0
748;16392;chr5;+;172341841;172351007;172351112;172359438;0
749;16394;chr5;-;150497398;150498860;150498951;150501707;0
750;16396;chr5;-;150519804;150527444;150527487;150537240;0
751;164;chr12;-;12630949;12633156;12633280;12639961;0
752;16430;chr1;-;19423144;19423686;19423774;19426090;0
753;16480;chr5;-;95242486;95249474;95249638;95255127;0
754;16484;chr5;-;95249638;95255127;95255249;95268335;0
755;16485;chr5;-;95249638;95255127;95255249;95268367;0
756;16489;chr5;-;95236784;95242226;95242486;95249474;0
757;16498;chr5;-;149785884;149786443;149786523;149786714;0
758;16527;chr12;-;54639999;54645824;54646011;54651297;0
759;16528;chr14;-;53110348;53112871;53113005;53113092;0
760;16529;chr14;-;53124868;53128010;53128022;53130518;0
761;16530;chr14;-;53113179;53118956;53119026;53119786;0
762;16531;chr14;-;53149126;53150505;53150625;53162085;0
763;16554;chr5;-;39375186;39376098;39376208;39376751;0
764;16565;chr4;-;39459929;39460013;39460218;39460510;0
765;16566;chr4;-;39459929;39460013;39460060;39460510;0
766;16568;chr4;-;39456269;39456483;39456564;39458025;0
767;1657;chr3;-;17448018;17469941;17470011;17549965;0
768;16593;chr7;-;7677603;7678700;7678775;7679950;0
769;16599;chr1;-;161192840;161193139;161193215;161193384;0
770;16600;chr1;-;161192840;161193139;161193215;161193291;0
771;1662;chr1;+;160326137;160326389;160326544;160327938;0
772;1666;chr1;+;160313271;160314511;160314616;160318788;0
773;16676;chr16;-;66757725;66759730;66759847;66761590;0
774;16681;chr16;-;66783216;66785175;66785249;66785387;0
775;16698;chr6;-;2838233;2838782;2838920;2840652;0
776;1670;chr1;+;160321996;160322676;160322781;160322949;0
777;16721;chr1;-;220162165;220170324;220170684;220174479;0
778;1674;chr1;+;160324080;160325444;160325547;160325652;0
779;1676;chr1;+;160324080;160325652;160325748;160326049;0
780;16780;chr1;+;154218851;154221714;154221913;154223516;0
781;16781;chr1;+;154201201;154207066;154207235;154207671;0
782;16783;chr1;+;154201201;154207066;154207268;154207671;0
783;16785;chr17;+;4675394;4684083;4684164;4685797;0
784;16801;chr3;-;63996631;63999114;63999283;64004274;0
785;16803;chr12;-;102419816;102433645;102433753;102437882;0
786;16806;chr12;-;102439897;102455025;102455124;102455689;0
787;16807;chr12;-;102419816;102433645;102433756;102437882;0
788;16825;chr5;+;44812122;44813207;44813384;44815014;0
789;16833;chr17;-;66538306;66538834;66538950;66539769;0
790;1685;chr9;+;125719488;125746763;125746998;125748493;0
791;16862;chr20;+;30697558;30720815;30720929;30723876;0
792;16864;chr20;+;30697558;30720815;30720929;30729343;0
793;16865;chr20;+;30742989;30745596;30745772;30746253;0
794;16867;chr20;+;30720929;30723876;30723976;30729299;0
795;16869;chr20;+;30697558;30723876;30723976;30729299;0
796;16873;chr20;+;30738678;30742905;30742989;30745596;0
797;16885;chr6;+;30029446;30029693;30029794;30030000;0
798;16890;chr9;+;80912186;80915517;80915578;80916869;0
799;16891;chr9;+;80919856;80921229;80921402;80923329;0
800;16894;chr9;+;80923499;80932591;80932720;80943896;0
801;1690;chr6;-;30623374;30623974;30624042;30624167;0
802;16915;chr3;+;185307957;185316199;185316333;185316745;0
803;16925;chr3;+;185335399;185337086;185337290;185339613;0
804;16937;chr17;-;64222242;64224137;64224314;64225433;0
805;16938;chr17;-;64219892;64224137;64224314;64225433;0
806;16940;chr17;-;64208306;64210570;64210768;64216671;0
807;16941;chr17;-;64208306;64210570;64210768;64212905;0
808;16946;chr17;-;64219892;64222145;64222242;64224137;0
809;16947;chr17;-;64219892;64222145;64222242;64225433;0
810;16948;chr17;-;64208306;64212905;64213085;64216671;0
811;16949;chr17;-;64210768;64212905;64213085;64216671;0
812;16953;chr17;-;64216860;64219815;64219892;64225433;0
813;16954;chr17;-;64216860;64219815;64219892;64222145;0
814;16957;chr17;-;64213085;64216671;64216860;64219815;0
815;16987;chr10;-;99219039;99219118;99219283;99219415;0
816;16988;chr10;-;99238146;99239997;99240114;99240698;0
817;17018;chr20;+;43541494;43545396;43545512;43547546;0
818;17026;chr20;+;43547918;43550234;43550372;43552801;0
819;17041;chr20;+;43560667;43561697;43561826;43564031;0
820;17048;chr19;+;58904552;58904725;58904854;58905863;0
821;17049;chr19;+;58899612;58904725;58904854;58905863;0
822;17050;chr19;+;58899612;58904342;58904552;58905863;0
823;17051;chr19;+;58899612;58904342;58904552;58904725;0
824;1706;chr2;+;32503303;32515551;32515705;32523302;0
825;17060;chr1;+;43159194;43161869;43161959;43162312;0
826;17068;chr17;-;76677124;76694901;76695050;76696412;0
827;17069;chr17;-;76677124;76688498;76688575;76694350;0
828;1707;chr2;+;32523380;32526450;32526564;32530557;0
829;17071;chr17;-;76677124;76694350;76694462;76694901;0
830;1708;chr2;+;32515705;32517245;32517417;32523302;0
831;17095;chr19;-;6420482;6421288;6421328;6421660;0
832;17096;chr19;-;6419271;6420083;6420155;6420432;0
833;17110;chr20;+;43218507;43243174;43243348;43246925;0
834;17111;chr20;+;43218507;43227256;43227531;43243174;0
835;17137;chr2;-;114508145;114512741;114512883;114513030;0
836;17140;chr2;-;114501371;114503853;114503916;114512741;0
837;17151;chr16;-;67478609;67487446;67487618;67514859;0
838;17159;chr19;+;45418474;45419446;45419582;45422429;0
839;17162;chr19;+;45417990;45418128;45418206;45419446;0
840;17163;chr19;+;45417746;45418128;45418206;45422429;0
841;17170;chr7;-;94214827;94218000;94218044;94228086;0
842;17174;chr7;-;94259153;94273917;94273979;94285301;0
843;17189;chr21;+;37742174;37744671;37744829;37747440;0
844;17190;chr11;+;62156723;62158993;62159104;62159550;0
845;17203;chr6;-;56336066;56336856;56337020;56338670;0
846;17204;chr6;-;56394572;56394771;56394931;56397141;0
847;17206;chr6;-;56328562;56329482;56329554;56330875;0
848;17221;chr2;-;69590802;69597132;69597240;69601137;0
849;17222;chr2;-;69586458;69590676;69590802;69597132;0
850;1727;chr13;-;20978880;20987420;20987526;21006240;0
851;17273;chr4;+;186066404;186066912;186067053;186067967;0
852;1728;chr13;-;20987526;21006240;21006435;21013731;0
853;1729;chr13;-;20987526;21006240;21006435;21063508;0
854;17305;chr16;-;66857503;66858757;66858788;66860425;0
855;17307;chr16;-;66852540;66855352;66855462;66857129;0
856;17308;chr16;-;66852540;66855352;66855462;66864749;0
857;1731;chr13;-;20987526;21013731;21013893;21063508;0
858;17311;chr16;-;66837021;66839814;66839929;66842423;0
859;17325;chr5;+;79755313;79768579;79768742;79769572;0
860;17327;chr5;+;79703972;79707542;79707592;79729927;0
861;1734;chr5;+;65465998;65466412;65466775;65470773;0
862;17366;chr2;-;238486798;238494640;238494800;238499109;0
863;17367;chr2;-;238486025;238494640;238494800;238499109;0
864;1737;chr5;+;65470869;65473341;65473486;65474546;0
865;17373;chr2;+;109389502;109392187;109392392;109393585;0
866;1738;chr5;+;65470869;65473344;65473486;65474546;0
867;17386;chr16;-;143323;148142;148299;150369;0
868;17390;chr16;-;150507;160522;160604;162620;0
869;17406;chr7;+;73588772;73601940;73602128;73604002;0
870;17409;chr6;+;43267231;43267364;43267519;43267635;0
871;17413;chr21;-;47571894;47572820;47572949;47574062;0
872;17426;chr21;-;47565861;47566179;47566241;47570032;0
873;17428;chr21;-;47566241;47570032;47570164;47570301;0
874;17435;chr21;-;47570439;47571471;47571651;47571805;0
875;1744;chr9;+;110062503;110064315;110064395;110068659;0
876;17442;chr1;+;162531567;162532215;162532374;162535801;0
877;1745;chr9;+;110045976;110068659;110068928;110073962;0
878;1746;chr9;+;110045976;110062421;110062503;110068659;0
879;17482;chr13;-;52992191;52997708;52997774;53000066;0
880;17485;chr13;-;53000201;53001123;53001201;53001321;0
881;17491;chr22;-;36912837;36913347;36913478;36914809;0
882;17492;chr22;-;36912837;36913347;36913540;36914809;0
883;17499;chr13;-;50276616;50279756;50279919;50280233;0
884;17501;chr4;-;39344087;39347020;39347096;39352967;0
885;17506;chr4;-;39306548;39308211;39308324;39310255;0
886;17507;chr4;-;39306548;39308211;39308321;39310255;0
887;17508;chr4;-;39306548;39310255;39310652;39313064;0
888;17510;chr4;-;39322994;39324959;39325037;39328182;0
889;17522;chr8;+;41348136;41348351;41348484;41355027;0
890;17533;chr14;-;54894559;54898825;54898938;54903086;0
891;17534;chr14;-;54898938;54903086;54903155;54907964;0
892;17555;chr12;+;54734399;54735989;54736071;54739243;0
893;17558;chr12;+;54737100;54739243;54739299;54741550;0
894;17584;chr1;-;154522945;154523413;154523480;154524246;0
895;17589;chr1;-;154523480;154523872;154523968;154524246;0
896;1759;chr11;-;72712179;72726853;72726930;72794739;0
897;17590;chr1;-;154522945;154523872;154523968;154524246;0
898;17596;chr15;-;75766108;75772188;75772255;75782548;0
899;17604;chr7;+;99933960;99935801;99935887;99936395;0
900;17620;chr16;+;29876558;29876676;29876763;29879184;0
901;17635;chr17;-;62496444;62496666;62496891;62498127;0
902;17641;chr17;-;62500234;62500339;62500436;62500794;0
903;17654;chr11;-;61570583;61570834;61570931;61571141;0
904;1767;chr11;-;72552004;72552498;72552628;72553665;0
905;17672;chr5;+;73144912;73148474;73148517;73153480;0
906;17674;chr5;+;73200230;73205236;73205722;73207099;0
907;17676;chr5;+;73183504;73187876;73188055;73189021;0
908;17687;chr2;-;175939563;175945387;175945493;175957788;0
909;17688;chr2;-;176001214;176015787;176015886;176032777;0
910;17710;chr3;-;47960331;47963254;47963368;47969717;0
911;17713;chr3;-;47913590;47917174;47917318;47918906;0
912;17714;chr3;-;47958664;47960208;47960331;47963254;0
913;17720;chr3;-;47919013;47950527;47953911;47956306;0
914;17721;chr3;-;47913590;47917174;47917363;47918906;0
915;17723;chr3;-;47912595;47912716;47912776;47913406;0
916;17726;chr3;-;47913590;47917174;47917315;47918906;0
917;1773;chr11;-;72552628;72553665;72553886;72554195;0
918;17731;chr2;-;230660046;230661306;230661498;230662405;0
919;17733;chr2;-;230650571;230652220;230652377;230653513;0
920;17736;chr2;-;230650571;230653513;230653656;230654326;0
921;17742;chr16;+;70557831;70560489;70560629;70562775;0
922;17743;chr16;+;70597953;70598967;70599173;70599270;0
923;17744;chr16;+;70572363;70573006;70573110;70575571;0
924;17746;chr16;+;70597953;70599270;70599427;70601313;0
925;17748;chr16;+;70597953;70601313;70601439;70602185;0
926;17749;chr16;+;70599427;70601313;70601439;70602185;0
927;17750;chr16;+;70564820;70566381;70566523;70569210;0
928;17752;chrX;+;123022568;123025087;123025166;123026580;0
929;17772;chr7;-;23556147;23561325;23561459;23571407;0
930;17774;chr7;-;23556147;23561325;23562051;23571407;0
931;17779;chr7;-;23547154;23552512;23552701;23555981;0
932;17799;chr1;+;220287816;220298578;220298681;220300091;0
933;17800;chr1;+;220284279;220287655;220287816;220300091;0
934;17817;chr6;+;33168715;33169018;33169433;33169521;0
935;17841;chr1;+;27087964;27088642;27088810;27089463;0
936;17845;chr10;-;27403536;27404988;27405062;27405147;0
937;17846;chr10;-;27405274;27406504;27406656;27408222;0
938;17847;chr10;-;27423910;27425204;27425314;27437834;0
939;17848;chr10;-;27403536;27405147;27405274;27406504;0
940;17849;chr10;-;27431414;27434356;27434519;27437834;0
941;17850;chr10;-;27425314;27434356;27434519;27437834;0
942;17884;chr16;-;30123538;30123626;30123745;30123843;0
943;17903;chr3;-;48665974;48666054;48666147;48667074;0
944;17906;chr3;-;48663433;48663650;48663787;48664063;0
945;17929;chr2;-;62104187;62104527;62104649;62106003;0
946;17931;chr2;-;62100428;62103229;62103369;62104054;0
947;17933;chr2;-;62095841;62096574;62096688;62099216;0
948;1794;chr20;+;3008487;3015546;3015732;3016230;0
949;1796;chr20;+;2854406;2903852;2903931;2928627;0
950;17962;chr12;-;118693460;118699301;118699478;118704459;0
951;17979;chr1;+;109756750;109766599;109766670;109770973;0
952;18013;chr6;+;32940704;32942238;32942542;32942797;0
953;1802;chr20;+;2945848;2967410;2967495;2968677;0
954;18020;chr6;-;11191438;11192577;11192679;11193823;0
955;18028;chr6;-;11191438;11193823;11193925;11213513;0
956;18032;chr9;-;94797165;94800529;94800647;94808280;0
957;18040;chr16;-;4375355;4376430;4376495;4378260;0
958;1805;chr20;+;3002074;3002699;3002866;3003334;0
959;18064;chr10;-;73578481;73578787;73578868;73579221;0
960;18065;chr10;-;73585650;73587770;73587914;73588633;0
961;18093;chr17;-;41168161;41168323;41168565;41169857;0
962;18095;chr17;-;41169947;41170052;41170223;41170608;0
963;18101;chr2;+;17950078;17952462;17952554;17953900;0
964;18112;chr12;+;118574149;118575843;118575953;118577255;0
965;18117;chr11;+;70279384;70279752;70279824;70281131;0
966;18119;chr11;+;70265962;70266505;70266616;70269045;0
967;18123;chr11;+;70260758;70261768;70261823;70263118;0
968;18125;chr11;+;125513795;125513985;125514163;125514406;0
969;18137;chr15;-;64452396;64454239;64454353;64455050;0
970;18154;chr4;+;3222035;3224113;3224214;3225132;0
971;18155;chr4;+;3149934;3156019;3156146;3158798;0
972;18162;chr4;+;3184197;3188323;3188446;3189377;0
973;18174;chr1;-;41651922;41659994;41660071;41707730;0
974;18184;chr1;-;41512270;41514361;41514562;41536266;0
975;18189;chr1;-;41514562;41536266;41536393;41578954;0
976;18265;chr3;-;47702945;47703823;47704082;47712147;0
977;18269;chr3;-;47712207;47716964;47717078;47718118;0
978;18271;chr3;-;47663831;47676679;47676834;47677511;0
979;18286;chr11;+;63755870;63756125;63756224;63764001;0
980;18290;chr20;-;33703736;33706400;33706522;33711692;0
981;18293;chr20;-;33714178;33719444;33719586;33730175;0
982;183;chr17;-;79916269;79916810;79916871;79917346;0
983;18314;chr8;+;87447756;87447861;87447933;87450813;0
984;18320;chr8;+;87393858;87410570;87410708;87410800;0
985;18327;chr2;+;113887241;113888621;113888734;113890232;0
986;18337;chr17;-;17165420;17168115;17168295;17171198;0
987;18338;chr17;-;17150465;17150793;17150874;17152239;0
988;18342;chr5;+;172421825;172447240;172447370;172461401;0
989;18343;chr5;+;172410967;172421777;172421825;172447240;0
990;18360;chr16;-;67691756;67691888;67692265;67692457;0
991;18368;chr19;+;10363377;10365264;10365316;10367383;0
992;18391;chr11;+;46687069;46689322;46689437;46690048;0
993;184;chr17;-;79917442;79917515;79917568;79918462;0
994;18404;chr11;+;46681035;46686932;46687069;46689322;0
995;18408;chr11;+;46690126;46690343;46690460;46690953;0
996;18433;chr2;+;114220071;114222705;114222750;114239753;0
997;18446;chr2;-;169733894;169745735;169745801;169745896;0
998;18453;chr21;+;45391371;45397926;45398002;45400869;0
999;18474;chr16;-;2293440;2294406;2294553;2296859;0
1000;18477;chr10;-;133786622;133787296;133787447;133795264;0
1001;18478;chr10;-;133784291;133784367;133784474;133786537;0
1002;18481;chr21;+;44313491;44317036;44317157;44323291;0
1003;18484;chr2;+;135815656;135848567;135848700;135851184;0
1004;18486;chr2;+;135810055;135815580;135815656;135848567;0
1005;18496;chr10;+;99400934;99410697;99410898;99416041;0
1006;18516;chr4;-;76584108;76587114;76587233;76598391;0
1007;18519;chr4;-;76582198;76582740;76582914;76584026;0
1008;18520;chr4;-;76570886;76571521;76571640;76572212;0
1009;18521;chr4;-;76584108;76587114;76587257;76598391;0
1010;18523;chr17;+;35378313;35388910;35388982;35413900;0
1011;18537;chr7;-;56170704;56171918;56172168;56174056;0
1012;18552;chr12;+;1800357;1863423;1863680;1882007;0
1013;18553;chr12;+;1887191;1889616;1889803;1893045;0
1014;18554;chr12;+;1882127;1887019;1887191;1889616;0
1015;18555;chr12;+;1889803;1890054;1890242;1893045;0
1016;18569;chr1;-;1249301;1249680;1249745;1250203;0
1017;1857;chr17;-;18156772;18156857;18157033;18157392;0
1018;18572;chr1;-;1250342;1250783;1250818;1250899;0
1019;1858;chr17;-;18158577;18159839;18159911;18160222;0
1020;1859;chr17;-;18148974;18149057;18149164;18149247;0
1021;18627;chr6;-;30708368;30708455;30708575;30709923;0
1022;18628;chr6;-;30708368;30708455;30708575;30708966;0
1023;18638;chr6;-;30709481;30709568;30709644;30709923;0
1024;1865;chr2;-;65325200;65331867;65331940;65357026;0
1025;18666;chr4;-;83793239;83795763;83795904;83799882;0
1026;18667;chr4;-;83795904;83796879;83796975;83799882;0
1027;18668;chr4;-;83788469;83791477;83791577;83793096;0
1028;18669;chr4;-;83765662;83769956;83770130;83772583;0
1029;18677;chr4;-;83800081;83801951;83802075;83803010;0
1030;18687;chr4;-;83740406;83742189;83742261;83745707;0
1031;18690;chr5;-;132159456;132159541;132160111;132160306;0
1032;18691;chr5;-;132160111;132160306;132160513;132160709;0
1033;187;chr17;-;79912179;79913272;79913420;79914525;0
1034;18700;chr1;+;161180500;161182140;161182270;161183169;0
1035;18701;chr1;+;161179721;161179900;161179978;161180093;0
1036;18753;chr1;+;156351304;156351596;156351734;156351858;0
1037;18763;chr1;+;156348190;156351858;156351992;156352538;0
1038;18784;chr15;+;78730698;78732136;78732223;78755263;0
1039;18807;chr16;+;56969224;56969312;56969387;56970598;0
1040;18816;chr16;+;56969224;56969315;56969387;56970598;0
1041;18817;chr16;+;56974157;56976043;56976149;56977037;0
1042;18839;chr9;-;135538082;135544956;135545060;135545246;0
1043;18884;chr12;+;991239;992108;992225;992560;0
1044;18885;chr12;+;998389;999618;999679;1003727;0
1045;18886;chr12;+;1006847;1009641;1009836;1017012;0
1046;18889;chr2;+;242097964;242099746;242099909;242102699;0
1047;18924;chr5;+;228448;230990;231115;233591;0
1048;18926;chr5;+;251583;254507;254621;256448;0
1049;18941;chr1;-;46106075;46108098;46108171;46120214;0
1050;18944;chr1;-;46096278;46099160;46099319;46099767;0
1051;18975;chr5;-;52397339;52397926;52398054;52402906;0
1052;1898;chr12;+;53836517;53837174;53837557;53839798;0
1053;18981;chr1;+;61554352;61743191;61743257;61798183;0
1054;1900;chr12;+;53836517;53837324;53837557;53839798;0
1055;19035;chr2;+;162081257;162087481;162088062;162091852;0
1056;19039;chr2;+;162061304;162080425;162080502;162081141;0
1057;19077;chr4;-;17806848;17811159;17811315;17812069;0
1058;19085;chr3;-;119394080;119395708;119395813;119396050;0
1059;19089;chr8;-;67834349;67834848;67834960;67837671;0
1060;19090;chr8;-;67834349;67834558;67834627;67834848;0
1061;19091;chr8;-;67834349;67834558;67834627;67837671;0
1062;19097;chr16;+;71956583;71958671;71958720;71961516;0
1063;19109;chr3;+;135974817;135975396;135975465;135979320;0
1064;19114;chr3;+;136016914;136019871;136019953;136035782;0
1065;19115;chr3;+;136045752;136045996;136046097;136046475;0
1066;19118;chr3;+;135975465;135979320;135979377;135980793;0
1067;19119;chr3;+;136012706;136016793;136016914;136035782;0
1068;19122;chr3;+;136046574;136047599;136047699;136048746;0
1069;19133;chr10;+;99214556;99215470;99215540;99215730;0
1070;19138;chr10;+;99214556;99215416;99215540;99215730;0
1071;19159;chr16;+;19083428;19085242;19085357;19087042;0
1072;19160;chr16;+;19083428;19085242;19085419;19087042;0
1073;19163;chr19;+;34884971;34887205;34887335;34890111;0
1074;19164;chr19;+;34869910;34870422;34870467;34872370;0
1075;19165;chr19;+;34887335;34887485;34887562;34890111;0
1076;19167;chr19;+;34857756;34859487;34859607;34868407;0
1077;19175;chr3;-;122087169;122090521;122090647;122102020;0
1078;19177;chr3;-;122081874;122087022;122087169;122090521;0
1079;19185;chr8;+;91013789;91031313;91031400;91033136;0
1080;19238;chr11;-;46837955;46839860;46840054;46842725;0
1081;19240;chr11;-;46832728;46837748;46837955;46839860;0
1082;19261;chr9;+;131348244;131349884;131349977;131351087;0
1083;19303;chr9;+;100407506;100407892;100408014;100409773;0
1084;19311;chr10;+;76349075;76360136;76360251;76429940;0
1085;19352;chr15;+;66170293;66172008;66172089;66180038;0
1086;1936;chr3;-;10354414;10357004;10357120;10359733;0
1087;19367;chr6;-;36937890;36938181;36938249;36938422;0
1088;19376;chr19;+;35629798;35630979;35631044;35631500;0
1089;1938;chr17;+;18140253;18140794;18141087;18141380;0
1090;19383;chr3;+;5022093;5023076;5023200;5024520;0
1091;1943;chr6;-;31614300;31615367;31615603;31619432;0
1092;19434;chr11;-;85670103;85692171;85692271;85692787;0
1093;19435;chr11;-;85737409;85742510;85742653;85779692;0
1094;19443;chr11;-;85733512;85737333;85737409;85742510;0
1095;19446;chr11;-;85726006;85733409;85733512;85737333;0
1096;19447;chr11;-;85726006;85733409;85733512;85742510;0
1097;19448;chr11;-;85714494;85718584;85718626;85722072;0
1098;1945;chr6;-;31611971;31612083;31612191;31612722;0
1099;19454;chr9;+;133488414;133489674;133489732;133491741;0
1100;19460;chr9;+;133455151;133470869;133470975;133485340;0
1101;1947;chr6;-;31611971;31612301;31612379;31612722;0
1102;19473;chr3;+;132394524;132394660;132394767;132395286;0
1103;19477;chr2;+;198327455;198334793;198334895;198338480;0
1104;19478;chr2;+;198318388;198327262;198327455;198334793;0
1105;1948;chr6;-;31612191;31612301;31612379;31612722;0
1106;1950;chr6;-;31617404;31619432;31619553;31620023;0
1107;1951;chr6;-;31610892;31611666;31611754;31611858;0
1108;19510;chr12;+;7048340;7050042;7050186;7050536;0
1109;19519;chr11;+;73358783;73360056;73360132;73361597;0
1110;19522;chr11;+;73360132;73361597;73361750;73362832;0
1111;1953;chr6;-;31617172;31617286;31617404;31619432;0
1112;1954;chr6;-;31610892;31611666;31611751;31611858;0
1113;1956;chr6;-;31611971;31612301;31612406;31612722;0
1114;1958;chr9;-;86587887;86588200;86588314;86589431;0
1115;19592;chr15;+;65847298;65851017;65851069;65855111;0
1116;19593;chr15;+;65823056;65844013;65844056;65847224;0
1117;19625;chr3;+;126446029;126449403;126449473;126451920;0
1118;1964;chr1;+;168034984;168035614;168035703;168037595;0
1119;19663;chr2;-;17898443;17899343;17899490;17902206;0
1120;19682;chr14;-;95596529;95597845;95597976;95598851;0
1121;19693;chr4;+;57340557;57342836;57342868;57344544;0
1122;19694;chr4;+;57357734;57360114;57360228;57361522;0
1123;19695;chr4;+;57344815;57349304;57349436;57350901;0
1124;19696;chr4;+;57344815;57350901;57351030;57352490;0
1125;19712;chr3;+;52240767;52242098;52242263;52245298;0
1126;19715;chr22;-;22322088;22322990;22323147;22326248;0
1127;19725;chr22;-;22330179;22336810;22336846;22337126;0
1128;19732;chr2;+;64068366;64069672;64069733;64083439;0
1129;19735;chr2;+;64083567;64084683;64084852;64084962;0
1130;19741;chr2;+;64113672;64114535;64114778;64117214;0
1131;19742;chr2;+;64085070;64089974;64090062;64109599;0
1132;19746;chr8;+;144644301;144644378;144644520;144644617;0
1133;19763;chr4;+;100504674;100510799;100510907;100512391;0
1134;19766;chr4;+;100512508;100512807;100512947;100515889;0
1135;19784;chr21;-;33069063;33073307;33073484;33074088;0
1136;19788;chr1;+;111992203;111992458;111992495;111998707;0
1137;19789;chr1;+;111992203;111992458;111992495;111996832;0
1138;19790;chr1;+;111992203;111996832;111996978;111998707;0
1139;19791;chr1;+;111992495;111996832;111996978;111998707;0
1140;19812;chr14;+;93677054;93678377;93678473;93681274;0
1141;19816;chr14;-;23559842;23562687;23562753;23564183;0
1142;19818;chr14;-;23531713;23532137;23532283;23532644;0
1143;19819;chr14;-;23547475;23548028;23548247;23548755;0
1144;19821;chr14;-;23530831;23531376;23531484;23531624;0
1145;19822;chr14;-;23533697;23535174;23535217;23538684;0
1146;19823;chr14;-;23533697;23535174;23535217;23536522;0
1147;19855;chr9;-;33047389;33048103;33048256;33053120;0
1148;19872;chr1;+;100750878;100752654;100752759;100756958;0
1149;1991;chr4;+;83984399;83987590;83987706;83989590;0
1150;19920;chr17;-;39086348;39087624;39087707;39092459;0
1151;19922;chr15;-;66793842;66794125;66794250;66794949;0
1152;19923;chr15;-;66795209;66795695;66795867;66797125;0
1153;19925;chr12;-;101794951;101796642;101796724;101799621;0
1154;19926;chr12;-;101794951;101796642;101796724;101801419;0
1155;20043;chr12;-;95419031;95422162;95422300;95434251;0
1156;20092;chr13;-;101290276;101290934;101291108;101294464;0
1157;20098;chr17;+;7481234;7481544;7481562;7481659;0
1158;20099;chr17;+;7474082;7474200;7474251;7474690;0
1159;2010;chr11;+;108013277;108014709;108014774;108016928;0
1160;20100;chr17;+;7469081;7470243;7470322;7473673;0
1161;20102;chr17;+;7481234;7481482;7481562;7481659;0
1162;20105;chr17;+;7477996;7478436;7478576;7479841;0
1163;20110;chr17;+;7476182;7477577;7477626;7477863;0
1164;20111;chr17;+;7476182;7477577;7477626;7478436;0
1165;20114;chr17;+;7474797;7475601;7476182;7477577;0
1166;20121;chr17;+;7468904;7469033;7469081;7470243;0
1167;20123;chr17;+;7476182;7477863;7477996;7478436;0
1168;20124;chr17;+;7477626;7477863;7477996;7478436;0
1169;2014;chr11;+;108005969;108009624;108009768;108010791;0
1170;20158;chr2;-;88879158;88882947;88883060;88885358;0
1171;20175;chr22;-;32797890;32802648;32802748;32804161;0
1172;20182;chrX;+;153001967;153002610;153002705;153005545;0
1173;20191;chr7;+;100200174;100201052;100201161;100201581;0
1174;20193;chr7;+;100202838;100203298;100203435;100204038;0
1175;20215;chr4;+;74284028;74285223;74285356;74285970;0
1176;20216;chr4;+;74284028;74285223;74285356;74286808;0
1177;20217;chr4;+;74283386;74285223;74285356;74285970;0
1178;20221;chr4;+;74270123;74270832;74270890;74272345;0
1179;20222;chr4;+;74270123;74270832;74270890;74275071;0
1180;20226;chr4;+;74283386;74283804;74284028;74285223;0
1181;20227;chr4;+;74283386;74283804;74284028;74285970;0
1182;20236;chr4;+;74285356;74285970;74286038;74286808;0
1183;20237;chr4;+;74284028;74285970;74286038;74286808;0
1184;20238;chr4;+;74282070;74283247;74283386;74283804;0
1185;20247;chr5;+;52214728;52216161;52216298;52218606;0
1186;20248;chr5;+;52225531;52227876;52227966;52229723;0
1187;20249;chr5;+;52201738;52204727;52204871;52205991;0
1188;20252;chr2;-;198273305;198274493;198274731;198281464;0
1189;20253;chr2;-;198257185;198257695;198257912;198260779;0
1190;20257;chr2;-;198285857;198288531;198288698;198299695;0
1191;20281;chr6;+;41755563;41756969;41757074;41757268;0
1192;20282;chr6;+;41755563;41756969;41757074;41757305;0
1193;20289;chr6;-;33665527;33668220;33668290;33669122;0
1194;20335;chr7;+;23339227;23340457;23340636;23347486;0
1195;20340;chr19;-;4714349;4715540;4715738;4719862;0
1196;20344;chr19;-;4714349;4716064;4716164;4719862;0
1197;20353;chr18;-;43675097;43678137;43678245;43684102;0
1198;20355;chr18;-;43671817;43675018;43675097;43678137;0
1199;20356;chr18;-;43671817;43675018;43675097;43684102;0
1200;20357;chr18;-;43671817;43674945;43675097;43678137;0
1201;20395;chr2;-;101667103;101670569;101670798;101675882;0
1202;20399;chr2;-;101655117;101656639;101656847;101666862;0
1203;2041;chr22;-;41863618;41864127;41864151;41864605;0
1204;20429;chr3;-;44975476;44986659;44986784;45000622;0
1205;20440;chr5;-;74134875;74135898;74135998;74137369;0
1206;20441;chr5;-;74130422;74134789;74134875;74135898;0
1207;2045;chr2;-;231191;233100;233229;234159;0
1208;20474;chr16;+;57406550;57413545;57413666;57415941;0
1209;20482;chr10;-;52601752;52603747;52603882;52619601;0
1210;20484;chr10;-;52596072;52601621;52601752;52603747;0
1211;20534;chr20;-;33516754;33517203;33517393;33519138;0
1212;20535;chr20;-;33519936;33523378;33523445;33524565;0
1213;20596;chr3;+;149613357;149619858;149619949;149629764;0
1214;20598;chr3;+;149531140;149531886;149532118;149563797;0
1215;20599;chr3;+;149531140;149570302;149570383;149589815;0
1216;20602;chr5;+;133710154;133712359;133712385;133716409;0
1217;20603;chr5;+;133710154;133712359;133712385;133724015;0
1218;20606;chr5;+;133712385;133716409;133716499;133724015;0
1219;20610;chr20;-;24994709;24995773;24995866;25000645;0
1220;20617;chr22;-;39925922;39926468;39926559;39928399;0
1221;20636;chr3;+;66313803;66354876;66354961;66396787;0
1222;20640;chrX;+;70779275;70779437;70779527;70781624;0
1223;20643;chrX;+;70753186;70756027;70756208;70757678;0
1224;20644;chrX;+;70782867;70782979;70783096;70783178;0
1225;20687;chr17;+;80676933;80678147;80678239;80680679;0
1226;20719;chr3;-;57558025;57561274;57561400;57569624;0
1227;20721;chr3;-;57561400;57563042;57563114;57569624;0
1228;20722;chr3;-;57561400;57563042;57563114;57582800;0
1229;20724;chr3;-;57563114;57569624;57569734;57570110;0
1230;20726;chr3;-;57569734;57570110;57570191;57582800;0
1231;20732;chr2;+;202000830;202005079;202005162;202010100;0
1232;20760;chr2;+;61408540;61410681;61410797;61411846;0
1233;20766;chr2;+;61406306;61408454;61408540;61411846;0
1234;20812;chr6;+;149691235;149699153;149700654;149718739;0
1235;20854;chr7;-;26232993;26235466;26235529;26236020;0
1236;20855;chr7;-;26232993;26233194;26233314;26235466;0
1237;20862;chr7;-;26232993;26236020;26236101;26236176;0
1238;20871;chr6;+;31934623;31934780;31934918;31935049;0
1239;20872;chr6;+;31928871;31928972;31929163;31929323;0
1240;20874;chr2;-;219942928;219959995;219960077;220011401;0
1241;2096;chr16;-;16284224;16286686;16286779;16291877;0
1242;20960;chr15;-;90627585;90628047;90628140;90628232;0
1243;20996;chr17;+;4903647;4904066;4904143;4904516;0
1244;20997;chr17;+;4903265;4903514;4903647;4904066;0
1245;20998;chr17;+;4910379;4910557;4910637;4910761;0
1246;210;chr3;+;50683695;50684170;50684256;50684553;0
1247;21016;chr15;-;44097663;44101952;44102112;44105184;0
1248;21017;chr1;+;110557479;110558046;110558153;110558965;0
1249;21018;chr1;+;110561272;110561672;110561741;110562169;0
1250;21020;chr1;+;110562248;110563352;110563473;110564295;0
1251;21042;chr2;-;106739547;106742075;106742135;106746129;0
1252;21044;chr2;-;106710613;106713173;106713277;106715171;0
1253;21046;chr2;-;106713277;106715171;106715229;106717513;0
1254;21068;chr13;-;96485307;96489339;96489456;96505796;0
1255;21083;chr6;+;168347581;168348532;168348624;168348972;0
1256;21087;chr6;+;168297652;168298884;168299147;168302996;0
1257;2109;chr16;-;16257049;16259479;16259790;16263502;0
1258;21094;chr15;-;77134272;77150149;77150220;77154756;0
1259;21113;chr16;+;30093855;30094066;30094168;30094714;0
1260;21117;chr7;+;74120764;74125362;74125440;74131213;0
1261;21141;chr17;-;39963131;39964110;39964256;39965957;0
1262;21171;chr11;+;65401827;65402008;65402112;65402443;0
1263;2119;chr16;-;16244098;16244434;16244629;16248484;0
1264;21191;chr16;+;21976826;21979948;21980006;21982845;0
1265;21193;chr16;+;21969920;21973780;21973837;21974081;0
1266;21196;chr16;+;21964777;21968555;21968639;21968737;0
1267;21198;chr16;+;21987564;21991867;21992021;21994408;0
1268;21199;chr16;+;21964777;21968737;21968887;21969855;0
1269;212;chr3;+;50684256;50684553;50684634;50685324;0
1270;21201;chr2;+;232576129;232576599;232576693;232577152;0
1271;21204;chr2;+;232576129;232576596;232576693;232577152;0
1272;21205;chr2;+;232576693;232577152;232577226;232577513;0
1273;21213;chr1;-;87333785;87346344;87346408;87368963;0
1274;21223;chr14;-;54948176;54948870;54948920;54950388;0
1275;2124;chr19;-;5594189;5595371;5595508;5598803;0
1276;21243;chr1;+;146731572;146736087;146736243;146737590;0
1277;21254;chr1;+;146751864;146756023;146756172;146757000;0
1278;21257;chr1;+;146747921;146751698;146751864;146756023;0
1279;21261;chr1;+;146743942;146744107;146744291;146747016;0
1280;21267;chr19;+;8455340;8464746;8464942;8466969;0
1281;21294;chr11;+;4091433;4095731;4095909;4103413;0
1282;21296;chr11;+;3877639;3988781;3988912;4045102;0
1283;21307;chr10;-;70139278;70140988;70141156;70143554;0
1284;21354;chr9;+;139996124;140000576;140000767;140001140;0
1285;21358;chr20;+;33114148;33122431;33122599;33128384;0
1286;21359;chr20;+;33114148;33122409;33122599;33128384;0
1287;21360;chr20;+;33114148;33117655;33118038;33122431;0
1288;21361;chr11;+;116700656;116701285;116701353;116701488;0
1289;21362;chr11;+;116700656;116701285;116701353;116701522;0
1290;21363;chr11;+;116700656;116701285;116701353;116701471;0
1291;21364;chr11;+;116700656;116701285;116701353;116703479;0
1292;21365;chr11;+;116700602;116701285;116701353;116701488;0
1293;21375;chr11;+;116701353;116701488;116701612;116703479;0
1294;21376;chr11;+;116700656;116701488;116701612;116703479;0
1295;21406;chr21;-;46313459;46314885;46314975;46318981;0
1296;21462;chr16;-;55840376;55844428;55844576;55846814;0
1297;21464;chr16;-;55857595;55860062;55860207;55866915;0
1298;21474;chr12;-;2977920;2981261;2981413;2983142;0
1299;21481;chr14;+;31346934;31348016;31348150;31348628;0
1300;21488;chr14;+;31346934;31348628;31348691;31349657;0
1301;21489;chr17;-;80273307;80274070;80274285;80274542;0
1302;21490;chr17;-;74673784;74681153;74681247;74684194;0
1303;21502;chr16;+;30007712;30007867;30007938;30008128;0
1304;21531;chr17;+;21205571;21206494;21206546;21207737;0
1305;21546;chr19;+;17425198;17426742;17426804;17430354;0
1306;21564;chr8;-;12960362;12968250;12968332;12973094;0
1307;21565;chr8;-;12943440;12943798;12943972;12945995;0
1308;21566;chr8;-;12958279;12960298;12960362;12968250;0
1309;21610;chr5;+;135396625;135397188;135397268;135398874;0
1310;21611;chr5;+;135385269;135388595;135388808;135389631;0
1311;21613;chr5;+;135397268;135398351;135398376;135398874;0
1312;21622;chr9;-;136276193;136277418;136277612;136277897;0
1313;21628;chrX;+;41077850;41078354;41078484;41082469;0
1314;21640;chr1;+;39934404;39935218;39935287;39945469;0
1315;21645;chr1;+;39898326;39898719;39898827;39900085;0
1316;21661;chr12;+;51633186;51634126;51634245;51634654;0
1317;21679;chr14;-;50910754;50911758;50911912;50912796;0
1318;21680;chr14;-;50886824;50889838;50889894;50892624;0
1319;21682;chr10;+;102762703;102763263;102763923;102765214;0
1320;21697;chr6;-;114270424;114277176;114277315;114277782;0
1321;21698;chr6;-;114270424;114274440;114274582;114277176;0
1322;2173;chr20;-;48713357;48715418;48715518;48729643;0
1323;21768;chr16;+;89703960;89704039;89704115;89704243;0
1324;21791;chr6;-;108533458;108535701;108535826;108544153;0
1325;21838;chr20;+;39980860;39981245;39981339;39981437;0
1326;21853;chr3;+;186335164;186336324;186336426;186337645;0
1327;21854;chr3;+;186335139;186336324;186336426;186338374;0
1328;21855;chr3;+;186335139;186336324;186336426;186337645;0
1329;21857;chr3;+;186333584;186334231;186334316;186334975;0
1330;21867;chr3;+;186335139;186337645;186337729;186338374;0
1331;21868;chr3;+;186334316;186337645;186337729;186338374;0
1332;21870;chr3;+;186336426;186337645;186337729;186338374;0
1333;21871;chr3;+;186336426;186337645;186337729;186338883;0
1334;21872;chr3;+;186336280;186337645;186337729;186338374;0
1335;21873;chr3;+;186331143;186337645;186337729;186338374;0
1336;21879;chr3;+;186331143;186333473;186333584;186334231;0
1337;21881;chr3;+;186334316;186334975;186335139;186337645;0
1338;21882;chr3;+;186334316;186334975;186335139;186338374;0
1339;21890;chr20;-;1424556;1426310;1426475;1433137;0
1340;21892;chr20;-;1426475;1433137;1433275;1433675;0
1341;21945;chr3;+;13522894;13544383;13544480;13545593;0
1342;21946;chr3;+;13525064;13544383;13544480;13545593;0
1343;2198;chr12;+;108961044;108961433;108961519;108962606;0
1344;2200;chr12;+;108959207;108960965;108961044;108962606;0
1345;22018;chr15;+;40309443;40311293;40311401;40313099;0
1346;22039;chr3;+;51718650;51733421;51733590;51737739;0
1347;22040;chr17;+;38233191;38233760;38233861;38240087;0
1348;22045;chr12;+;50829407;50831517;50831621;50834221;0
1349;22054;chr10;-;113913424;113914386;113914445;113915621;0
1350;22055;chr17;+;46056283;46057958;46058164;46058528;0
1351;22078;chr14;-;20927599;20927786;20927892;20928350;0
1352;22084;chr3;-;47084190;47087976;47088111;47098310;0
1353;22086;chr3;-;47098980;47103652;47103836;47108559;0
1354;22090;chr3;-;47108608;47122405;47122573;47125209;0
1355;22091;chr3;-;47088111;47098310;47098980;47103652;0
1356;2210;chr5;-;130495304;130498264;130498369;130500787;0
1357;22124;chr17;+;30806394;30806868;30806904;30807163;0
1358;22135;chr12;-;44132194;44136259;44136358;44139848;0
1359;22144;chr5;+;137717279;137721710;137722310;137726701;0
1360;22146;chr5;+;137766114;137767113;137767248;137771308;0
1361;2215;chr19;-;48374824;48377913;48378091;48382292;0
1362;22162;chr12;-;8078544;8082279;8082467;8083075;0
1363;22163;chr12;-;8085743;8086405;8086498;8088615;0
1364;2217;chr19;-;48378091;48382292;48382387;48385340;0
1365;22172;chr2;-;122485932;122486052;122486112;122488468;0
1366;2218;chr19;-;48378091;48382292;48382387;48386833;0
1367;2219;chr19;-;48378084;48382292;48382387;48385340;0
1368;22191;chr12;+;112221102;112223070;112223150;112227626;0
1369;2220;chr19;-;48382387;48385340;48385467;48386833;0
1370;22202;chr15;-;74738568;74741526;74741694;74741966;0
1371;2221;chr19;-;48378091;48385340;48385467;48386833;0
1372;22211;chr2;-;198358974;198359380;198359476;198360017;0
1373;22214;chr2;-;198353971;198354920;198355020;198358047;0
1374;22215;chr2;-;198359476;198360017;198360100;198361863;0
1375;2222;chr2;-;32248543;32254662;32254805;32264347;0
1376;22223;chr2;-;198358216;198358880;198358974;198359380;0
1377;2224;chr2;-;32249325;32254662;32254805;32264270;0
1378;22267;chr17;-;17409162;17409540;17409615;17412747;0
1379;22287;chr1;-;183920247;183923895;183923972;183933034;0
1380;22289;chr1;-;52255105;52255239;52255329;52256204;0
1381;22297;chr1;-;52256662;52257249;52257333;52257717;0
1382;22299;chr1;-;52276076;52277665;52277770;52279706;0
1383;22301;chr3;+;196547438;196554066;196554204;196555189;0
1384;22310;chr11;+;67196094;67196452;67196493;67196590;0
1385;22354;chr9;-;126202770;126212971;126213028;126214554;0
1386;22358;chr9;-;126439068;126519981;126520101;126531792;0
1387;22384;chr20;+;3619582;3624800;3624915;3627369;0
1388;22386;chr20;+;3564730;3565293;3565527;3571815;0
1389;22408;chr6;-;24178860;24205229;24205330;24278276;0
1390;22428;chr19;-;36502366;36503922;36503991;36504245;0
1391;22449;chr12;-;6465046;6471216;6471407;6472608;0
1392;22453;chr12;-;6458171;6458329;6458387;6458492;0
1393;22462;chrX;+;23801826;23801916;23802000;23803444;0
1394;22464;chr2;-;170413807;170416896;170417295;170419734;0
1395;22465;chr2;-;170401345;170402727;170403214;170411633;0
1396;22478;chr19;+;797505;799412;799443;808359;0
1397;22486;chrX;+;48433671;48433948;48434055;48434701;0
1398;22493;chr16;+;82104732;82124506;82124644;82131679;0
1399;22527;chr15;+;76165909;76168527;76168612;76170301;0
1400;22534;chr14;-;75143455;75149998;75150236;75151156;0
1401;22578;chr2;-;225343062;225346608;225346795;225360548;0
1402;22579;chr2;-;225346795;225360548;225360683;225362469;0
1403;22581;chr2;-;225379489;225400244;225400358;225422375;0
1404;22588;chr19;-;12907980;12910672;12910803;12910990;0
1405;22591;chr16;-;27519976;27523069;27523222;27539918;0
1406;22592;chr16;-;27497475;27499547;27499736;27499874;0
1407;22594;chr16;-;27523222;27539918;27540042;27544611;0
1408;22602;chr21;+;46899878;46899983;46900070;46900380;0
1409;22607;chr21;+;46906906;46907360;46907423;46908331;0
1410;22608;chr21;+;46900434;46900613;46900772;46901876;0
1411;22613;chr21;+;46913489;46914458;46914485;46914775;0
1412;22621;chr20;+;3827550;3835204;3835388;3838281;0
1413;22625;chr22;-;29750860;29752414;29752605;29754714;0
1414;22628;chr22;-;29736846;29737489;29737749;29738273;0
1415;22681;chr7;+;44098582;44098952;44099048;44099141;0
1416;22736;chr17;+;41056057;41059539;41059645;41062931;0
1417;22737;chr17;+;41056057;41059539;41059645;41061319;0
1418;22739;chr17;+;41056057;41061319;41061435;41062931;0
1419;22740;chr17;+;41059645;41061319;41061435;41062931;0
1420;22811;chr2;+;120889291;120900578;120900707;120903800;0
1421;22819;chr20;-;25450731;25459558;25459842;25460796;0
1422;22833;chr19;-;7992652;7992961;7993051;7996022;0
1423;22842;chr19;+;17378336;17379564;17379900;17382405;0
1424;22845;chr19;+;17378336;17379602;17379900;17382405;0
1425;22848;chr3;+;183480067;183490092;183490351;183491420;0
1426;22850;chr3;+;183519316;183521043;183521123;183521774;0
1427;22872;chr6;+;10749501;10749854;10749931;10755374;0
1428;22883;chr12;+;12788908;12790503;12790648;12794927;0
1429;22893;chr18;+;29078259;29098201;29098237;29099765;0
1430;22894;chr18;+;29116392;29118713;29118941;29121155;0
1431;22904;chr17;+;36912243;36916683;36916861;36918663;0
1432;22905;chr17;+;36916861;36918663;36918758;36920371;0
1433;22916;chr20;-;33176411;33203845;33203943;33222418;0
1434;23009;chr16;-;52478268;52479905;52480133;52484188;0
1435;23022;chr11;-;64824965;64825346;64825468;64825549;0
1436;23031;chr16;-;74506309;74508443;74508530;74511293;0
1437;23034;chr16;-;74505184;74506246;74506309;74508443;0
1438;23035;chr16;-;74505184;74506246;74506309;74511293;0
1439;23077;chr22;+;39052755;39064021;39064137;39066888;0
1440;23080;chr22;+;39066994;39067074;39067193;39069163;0
1441;23094;chr1;-;19205867;19208193;19208381;19209617;0
1442;23095;chr1;-;19204106;19205793;19205867;19208193;0
1443;23100;chr7;+;157129838;157151240;157151331;157155854;0
1444;23145;chr2;-;88424127;88425694;88425867;88427469;0
1445;23147;chr2;-;88424105;88425694;88425867;88426003;0
1446;23148;chr2;-;88422623;88425694;88425867;88427469;0
1447;23151;chr2;-;88422623;88424012;88424105;88425694;0
1448;23152;chr2;-;88422623;88424012;88424105;88427469;0
1449;23167;chr20;+;57246353;57248686;57248767;57251242;0
1450;23170;chr20;+;57227143;57242545;57242653;57243042;0
1451;23199;chr2;-;160181465;160182163;160182429;160189050;0
1452;23227;chr10;-;101163391;101163480;101163631;101165512;0
1453;23230;chr10;+;106034707;106034983;106035092;106037651;0
1454;23236;chr6;+;43097002;43097464;43097567;43098248;0
1455;23239;chr6;+;43097567;43098248;43098399;43099753;0
1456;23245;chr20;+;1106293;1108068;1108151;1115763;0
1457;23249;chr20;+;1115949;1143773;1143827;1144961;0
1458;23260;chr14;-;69257209;69259598;69259787;69262791;0
1459;23267;chr12;+;57587795;57588136;57588286;57588359;0
1460;23269;chr12;+;57584792;57585102;57585295;57586627;0
1461;2327;chr4;-;100057848;100060211;100060299;100062691;0
1462;23292;chr2;-;220075545;220075655;220075830;220077108;0
1463;23293;chr2;-;220078388;220078547;220078673;220078842;0
1464;2330;chr4;-;100060299;100062691;100062833;100063829;0
1465;23304;chr2;-;220092535;220092643;220092775;220093155;0
1466;23307;chr8;+;55049993;55055222;55055346;55059941;0
1467;2331;chr4;-;100047883;100048359;100048495;100052654;0
1468;23319;chr17;-;27086894;27089003;27089174;27093603;0
1469;23326;chr1;-;93620445;93621856;93622040;93625685;0
1470;23346;chr9;+;125027217;125033231;125033354;125042721;0
1471;23356;chr9;+;125027217;125033142;125033354;125042721;0
1472;23427;chr17;+;7124149;7124242;7124377;7124856;0
1473;23435;chr17;+;7124377;7124856;7125001;7125270;0
1474;23437;chr17;+;7126556;7126962;7127049;7127131;0
1475;2345;chr14;-;93180796;93182480;93182566;93183724;0
1476;23467;chr2;+;26596497;26597907;26598016;26606166;0
1477;23495;chr17;+;49365564;49371263;49371406;49374325;0
1478;23501;chr4;+;119200292;119200543;119200586;119200778;0
1479;23510;chr10;+;93713630;93716284;93716414;93716981;0
1480;23512;chr10;+;93716414;93716981;93717050;93718821;0
1481;23513;chr10;+;93699823;93702178;93702325;93711159;0
1482;23515;chr10;+;93768965;93770829;93770907;93771042;0
1483;23516;chr10;+;93711323;93713493;93713630;93716284;0
1484;23519;chr17;+;58013902;58014938;58015135;58018196;0
1485;23522;chr17;+;58013902;58018196;58018304;58022766;0
1486;23526;chr17;+;58012661;58013575;58013638;58013824;0
1487;23530;chr22;-;38890807;38890890;38891051;38891800;0
1488;23531;chr22;-;38891051;38891800;38891942;38894089;0
1489;23540;chr17;+;18098349;18110128;18110284;18111532;0
1490;23550;chr12;-;90029028;90035934;90036132;90049455;0
1491;23563;chr1;-;231506444;231509725;231509845;231556743;0
1492;23568;chr11;+;71940602;71940706;71940796;71940967;0
1493;23588;chr12;+;57918898;57919130;57920171;57920933;0
1494;23589;chr6;-;28872442;28875012;28875039;28876584;0
1495;23591;chr6;-;28872442;28879472;28879495;28887788;0
1496;23601;chr1;+;28792360;28792892;28793279;28800065;0
1497;2361;chr4;-;140211246;140213683;140213763;140216196;0
1498;23616;chr2;-;242524140;242541310;242541414;242542384;0
1499;23619;chr2;-;242545888;242572331;242573494;242576355;0
1500;2362;chr4;-;140216300;140216885;140217114;140221755;0
1501;23628;chr14;+;95047827;95053682;95054318;95056377;0
1502;23629;chr14;+;95056648;95057085;95057233;95058393;0
1503;2363;chr4;-;140216300;140216885;140217114;140218538;0
1504;23669;chr5;-;133494286;133496677;133496821;133502860;0
1505;23691;chr17;-;27211333;27215962;27216044;27224543;0
1506;23693;chr17;-;27210249;27211242;27211333;27215962;0
1507;23732;chr7;-;50563115;50566845;50566940;50571690;0
1508;23763;chrX;+;153628282;153628815;153628967;153629042;0
1509;23767;chr9;+;132889845;132890918;132891040;132897303;0
1510;2377;chr17;+;34955479;34956099;34956192;34956400;0
1511;23790;chr1;-;224607317;224612219;224612356;224619178;0
1512;23822;chr17;-;73328878;73389631;73389846;73401569;0
1513;23823;chr17;-;73316634;73317739;73317908;73321978;0
1514;2386;chr12;+;81528783;81532909;81533044;81536885;0
1515;23877;chr17;+;41347056;41348497;41348608;41348958;0
1516;23878;chr17;+;41347056;41348497;41348608;41352183;0
1517;23885;chr17;+;41347056;41348958;41349123;41352183;0
1518;23895;chr17;+;41352625;41353702;41353797;41354671;0
1519;23896;chr17;+;41352625;41353702;41353797;41355697;0
1520;23898;chr12;+;56532056;56532187;56532283;56532551;0
1521;23899;chr12;+;56531157;56531282;56531459;56531615;0
1522;23927;chr21;-;46702374;46703297;46703442;46705592;0
1523;23973;chr17;+;37810003;37813260;37813338;37814027;0
1524;23976;chr17;+;37793484;37809733;37810003;37813260;0
1525;2398;chr16;+;3166548;3168905;3169016;3169256;0
1526;23984;chr1;-;1323445;1324329;1324427;1325609;0
1527;24006;chr10;-;13380808;13382690;13382908;13386757;0
1528;24007;chr10;-;13361356;13364834;13365041;13370350;0
1529;24008;chr10;-;13370450;13371697;13371788;13375816;0
1530;24028;chr9;-;131777183;131783369;131783498;131784560;0
1531;24057;chr11;+;57461387;57463391;57463515;57466030;0
1532;24059;chr11;+;57463515;57464232;57464345;57466030;0
1533;24091;chr16;+;66972144;66973119;66973261;66974124;0
1534;24098;chr20;+;35918089;35929610;35929816;35944710;0
1535;24113;chr11;+;2929560;2930425;2930586;2937851;0
1536;24124;chr15;-;52844301;52849296;52849419;52861044;0
1537;24133;chr12;-;6777281;6778196;6778355;6779925;0
1538;24138;chr1;+;44451072;44451188;44451293;44455969;0
1539;24142;chr19;-;41838186;41847787;41847935;41848074;0
1540;24143;chr19;-;41850769;41854199;41854360;41858594;0
1541;24147;chr16;-;684797;684888;685063;685280;0
1542;2415;chrX;-;53458542;53458745;53458854;53458935;0
1543;24178;chr2;+;178081668;178082432;178082573;178083764;0
1544;24180;chr2;+;178081320;178081403;178081499;178081587;0
1545;24186;chr17;+;38282659;38285497;38285880;38288286;0
1546;24191;chr6;+;24418806;24423164;24423278;24423811;0
1547;24205;chr2;+;234054888;234055012;234055084;234056116;0
1548;24236;chr1;+;17983203;17990941;17991090;18014067;0
1549;24247;chr9;+;37422802;37424841;37424972;37425918;0
1550;24253;chr3;+;73112898;73113153;73113297;73114002;0
1551;24256;chr3;+;73112898;73113215;73113297;73114002;0
1552;24260;chr8;-;56986327;56986618;56986718;56986939;0
1553;24261;chr8;-;56985831;56986253;56986327;56986618;0
1554;24265;chr12;+;69094633;69096515;69096564;69103017;0
1555;2427;chr20;-;32677711;32678322;32678408;32681480;0
1556;24295;chr19;-;36494422;36494514;36494573;36496234;0
1557;2430;chr20;-;32685322;32686303;32686439;32691267;0
1558;24304;chr2;-;47389801;47397872;47397903;47403579;0
1559;2431;chr20;-;32685322;32686303;32686430;32691267;0
1560;2440;chr4;+;74309161;74310709;74310839;74313178;0
1561;24401;chr13;+;99970323;99992573;99992819;100020040;0
1562;2441;chr4;+;74309161;74310709;74310839;74315051;0
1563;2442;chr4;+;74309161;74310709;74310839;74312541;0
1564;24424;chr3;-;8665342;8667227;8667333;8667914;0
1565;24427;chr3;-;8675481;8676985;8677067;8677444;0
1566;2444;chr4;+;74302064;74302876;74302928;74303890;0
1567;2447;chr4;+;74310839;74313178;74313393;74315051;0
1568;2448;chr4;+;74309161;74313178;74313393;74315051;0
1569;2449;chr4;+;74319614;74320952;74321007;74321347;0
1570;24517;chr3;-;121489421;121491403;121491560;121500589;0
1571;24522;chr1;+;19583639;19583947;19584015;19584326;0
1572;24523;chr1;+;19578742;19581275;19581334;19582441;0
1573;2456;chr4;+;74315184;74315752;74315850;74316331;0
1574;24575;chr2;+;241512678;241513529;241513765;241513931;0
1575;24589;chr18;+;9124981;9126828;9126905;9134183;0
1576;24590;chr18;+;9122679;9124871;9124981;9126828;0
1577;24593;chr18;+;9117901;9119323;9119386;9119471;0
1578;24605;chr15;+;75630474;75630695;75630761;75630986;0
1579;24611;chr15;+;75631026;75631325;75631445;75631604;0
1580;24613;chr17;+;40719184;40719636;40719673;40720854;0
1581;24614;chr17;+;40720961;40721221;40721321;40721524;0
1582;24616;chr17;+;40720577;40720854;40720961;40721221;0
1583;24620;chr4;+;88053016;88053422;88053560;88055622;0
1584;2463;chr19;-;47342835;47349249;47349399;47353390;0
1585;24687;chr14;+;24607608;24607682;24607777;24607944;0
1586;24690;chr14;+;24607608;24607682;24607769;24607944;0
1587;24691;chr14;+;24606226;24606351;24606414;24606529;0
1588;24696;chr13;+;76417052;76419462;76419515;76423214;0
1589;24700;chr13;+;76393671;76395312;76395745;76397700;0
1590;24701;chr13;+;76414631;76415244;76415337;76415763;0
1591;24707;chr13;+;76398009;76407186;76407301;76408361;0
1592;24709;chr2;+;143676298;143685227;143685310;143712378;0
1593;24710;chr2;+;143743590;143787195;143787248;143790804;0
1594;24718;chr2;+;143715284;143718192;143718339;143742652;0
1595;24731;chr9;-;139836136;139836497;139836918;139836998;0
1596;24736;chr3;-;167750640;167754623;167754782;167759179;0
1597;24796;chr4;-;122605926;122607442;122607527;122617735;0
1598;24797;chr4;-;122604632;122607442;122607527;122617735;0
1599;24799;chr4;-;122604632;122605831;122605926;122607442;0
1600;24800;chr4;-;122604632;122605831;122605926;122617735;0
1601;24801;chr4;-;122589682;122590756;122590879;122591108;0
1602;24802;chr4;-;122599649;122602825;122602916;122607442;0
1603;24803;chr4;-;122607527;122617735;122617779;122618017;0
1604;24804;chr4;-;122602916;122604518;122604632;122607442;0
1605;24806;chr4;-;122591167;122592701;122592797;122593687;0
1606;24816;chr8;-;101725409;101727689;101727829;101730000;0
1607;24818;chr8;-;101724685;101724879;101725017;101725314;0
1608;2483;chr1;-;156568111;156568212;156568286;156568759;0
1609;24834;chr13;-;46648112;46652934;46653036;46656575;0
1610;24836;chr13;-;46653036;46656575;46656684;46658353;0
1611;24837;chr13;-;46658478;46661879;46661955;46679070;0
1612;24838;chr13;-;46641552;46648007;46648112;46652934;0
1613;24893;chr7;-;17865714;17869632;17869670;17873674;0
1614;24899;chr6;-;151744766;151748616;151748717;151751272;0
1615;24900;chr6;-;151742456;151743675;151743740;151744659;0
1616;24907;chr11;-;14487972;14490226;14490406;14490881;0
1617;24910;chr11;-;14496161;14497330;14497491;14498464;0
1618;24969;chr15;-;89003094;89007933;89008107;89008817;0
1619;24984;chr5;-;141005331;141005579;141005638;141005760;0
1620;24987;chr13;-;45912911;45913631;45913737;45914128;0
1621;24995;chr15;+;44630105;44630434;44630515;44671887;0
1622;25007;chr9;+;124074766;124076211;124076301;124079363;0
1623;25008;chr9;+;124073123;124074616;124074766;124076211;0
1624;25024;chr16;-;28856376;28856634;28856801;28857232;0
1625;2511;chr17;-;45904570;45905866;45906036;45908825;0
1626;25112;chr21;-;44480656;44482420;44482505;44483062;0
1627;25117;chr19;-;1578537;1581090;1581268;1582620;0
1628;25152;chr5;+;145858216;145859417;145859474;145859590;0
1629;25159;chr5;+;145886770;145887307;145887341;145887435;0
1630;25160;chr5;+;145883102;145883386;145883569;145886590;0
1631;25164;chr7;+;100770525;100776975;100777174;100778774;0
1632;25192;chr16;-;1485176;1485969;1486087;1486445;0
1633;25204;chrX;+;15822320;15826355;15826394;15827322;0
1634;25219;chr12;+;120998689;121000747;121000873;121001149;0
1635;25220;chr12;+;120990501;120992520;120992611;120995084;0
1636;25221;chr12;+;120984404;120992520;120992611;120995084;0
1637;25222;chr12;+;120984404;120990301;120990501;120992520;0
1638;25234;chr14;+;35468855;35470141;35470226;35476488;0
1639;25235;chr14;+;35488280;35492115;35492286;35497293;0
1640;25249;chr5;+;134018172;134022479;134022592;134023870;0
1641;25254;chr10;+;112262627;112266692;112266912;112269777;0
1642;25274;chr9;-;130211987;130213009;130213083;130213559;0
1643;25298;chr10;-;32307084;32307243;32307315;32307429;0
1644;25299;chr10;-;32300444;32304436;32304587;32306070;0
1645;25318;chr17;+;80887147;80887237;80887376;80888397;0
1646;25328;chr17;+;80851508;80858526;80858607;80861280;0
1647;25454;chr21;+;34915475;34918518;34918685;34921781;0
1648;25477;chr12;+;51442968;51449769;51449804;51449926;0
1649;25519;chr12;-;51402407;51404477;51404549;51420097;0
1650;2553;chr1;+;29435949;29438879;29438960;29442210;0
1651;25556;chr5;+;14504702;14507230;14507369;14507988;0
1652;25577;chr20;+;61584241;61588116;61588314;61588792;0
1653;25586;chr20;+;61597932;61598054;61598084;61598688;0
1654;25598;chr17;+;75190993;75192283;75192393;75196565;0
1655;25599;chr17;+;75187394;75189502;75189631;75190758;0
1656;25606;chr9;-;5811323;5812124;5812217;5812888;0
1657;25638;chr8;+;30361953;30402010;30402141;30404808;0
1658;25639;chr8;+;30402141;30416403;30416473;30423773;0
1659;25657;chr8;-;74203896;74204007;74204145;74204473;0
1660;25666;chr1;-;155142333;155145040;155145104;155145792;0
1661;25667;chr1;-;155145104;155145213;155145368;155145792;0
1662;25693;chr2;-;200625558;200709102;200709255;200710797;0
1663;25706;chr7;+;2409317;2411411;2411484;2412307;0
1664;25708;chr7;+;2406083;2406159;2406226;2406633;0
1665;25717;chr1;-;211952386;211956570;211956844;211960973;0
1666;25720;chr1;-;211956844;211960973;211961069;211966413;0
1667;25728;chr14;+;20811846;20813090;20813246;20813552;0
1668;25736;chr18;-;21137154;21140194;21140444;21141323;0
1669;25739;chr18;-;21121397;21123418;21123533;21124307;0
1670;25740;chr18;-;21140444;21141323;21141491;21148786;0
1671;25754;chr3;-;52028142;52029057;52029122;52029440;0
1672;2576;chr17;+;1666177;1670196;1670288;1673145;0
1673;25766;chr14;+;105920647;105924606;105924709;105926694;0
1674;25768;chr14;+;105916521;105916597;105916661;105920529;0
1675;2577;chr17;+;1665407;1670196;1670288;1673145;0
1676;25799;chrX;+;47441873;47442806;47442935;47444334;0
1677;25803;chr19;-;2234239;2235760;2235827;2235921;0
1678;25805;chr2;-;20237199;20237298;20237375;20240651;0
1679;25806;chr20;-;62598357;62598733;62598876;62599182;0
1680;25810;chr7;+;138252399;138255574;138255748;138258251;0
1681;25811;chr7;+;138264277;138265306;138265439;138266441;0
1682;25812;chr7;+;138255748;138258251;138258387;138261117;0
1683;25823;chr15;-;51032025;51039691;51039825;51040309;0
1684;25824;chr15;-;51000071;51012136;51012297;51014320;0
1685;25826;chr15;-;51018574;51023161;51023236;51024799;0
1686;25832;chr7;-;6089676;6094176;6094335;6098596;0
1687;25837;chr7;-;6080850;6082563;6082624;6084192;0
1688;25840;chr7;-;6084292;6085701;6085782;6086622;0
1689;25842;chr7;-;6078666;6080522;6080850;6082563;0
1690;25843;chr6;-;83888475;83889528;83889686;83891454;0
1691;25849;chr6;-;83885779;83888391;83888475;83891454;0
1692;25863;chr1;-;6246876;6252989;6253114;6257711;0
1693;2587;chr20;-;25284264;25287468;25287551;25288601;0
1694;2588;chr20;-;25282982;25284185;25284264;25287468;0
1695;25894;chr3;+;39449277;39450096;39450230;39452244;0
1696;25898;chr3;+;39449277;39450096;39450215;39452244;0
1697;2592;chr20;-;25281520;25282854;25282982;25284185;0
1698;2593;chr20;-;25297714;25300834;25300954;25303960;0
1699;25969;chr3;+;186435526;186437893;186438004;186440225;0
1700;25991;chr7;+;66416122;66418212;66418356;66420488;0
1701;26016;chr9;-;86292876;86293355;86293514;86322414;0
1702;26017;chr9;-;86293514;86294689;86294952;86297865;0
1703;26048;chr7;-;50515987;50517197;50517421;50517998;0
1704;2605;chr7;-;22852804;22857618;22857667;22862295;0
1705;26070;chr19;+;19217194;19218702;19218854;19221377;0
1706;26106;chr12;+;108098524;108102702;108102793;108102887;0
1707;26108;chr12;+;108079748;108082224;108082283;108082391;0
1708;26109;chr12;+;108091374;108093149;108093211;108096711;0
1709;26121;chr9;-;130698934;130699712;130699802;130700096;0
1710;26175;chr2;+;198405161;198413059;198413139;198414998;0
1711;26196;chr3;-;186518984;186522371;186522513;186524078;0
1712;26197;chr3;-;186508044;186508114;186508195;186509513;0
1713;26209;chr6;+;160160077;160163119;160163178;160164696;0
1714;26215;chr15;-;60674640;60678226;60678285;60694967;0
1715;26222;chr15;-;60656722;60674540;60674640;60678226;0
1716;26226;chr15;-;60639888;60641273;60641396;60643391;0
1717;26256;chr1;+;244999058;244999786;244999822;245005245;0
1718;26260;chr9;+;35676386;35679181;35679339;35679850;0
1719;26264;chr9;+;35676386;35677786;35677853;35679181;0
1720;26297;chr6;-;41710227;41712395;41712546;41715013;0
1721;26298;chr6;-;41710227;41711008;41711127;41712134;0
1722;26304;chr12;-;53294467;53294942;53295003;53295647;0
1723;26320;chr20;+;60878105;60879516;60879633;60881252;0
1724;26326;chr20;+;60878105;60878623;60878837;60879516;0
1725;26332;chr3;-;81630426;81635242;81635341;81640187;0
1726;26379;chr5;-;157219003;157221905;157221980;157230657;0
1727;26385;chr5;-;157233120;157236635;157236813;157240070;0
1728;26392;chr11;-;126136817;126137069;126137230;126137443;0
1729;26401;chr16;-;20552095;20554235;20554335;20554456;0
1730;26415;chr1;-;109856679;109856882;109857006;109857293;0
1731;26417;chr1;-;109897153;109897988;109898091;109910029;0
1732;26420;chr17;+;34171372;34171480;34172042;34173909;0
1733;26421;chr17;+;34136580;34144719;34144759;34147027;0
1734;2643;chr19;+;9938660;9939002;9939069;9939267;0
1735;26456;chr16;+;21611219;21629185;21629395;21636251;0
1736;26457;chr16;+;21624156;21629185;21629395;21636251;0
1737;26459;chr16;+;21611149;21623965;21624156;21629185;0
1738;26466;chr17;-;5383902;5384615;5384709;5386128;0
1739;26482;chr11;+;67378678;67378873;67379040;67379367;0
1740;2650;chr2;-;191874730;191878250;191878404;191878743;0
1741;26501;chr16;+;46950619;46952532;46952669;46956153;0
1742;26502;chr2;-;99938672;99943997;99944116;99949484;0
1743;26503;chr2;-;99938672;99943997;99944116;99949446;0
1744;26505;chr2;-;99936262;99938417;99938672;99943997;0
1745;26509;chr22;-;41244373;41246826;41246884;41252434;0
1746;26510;chr22;-;41240913;41246826;41246884;41252434;0
1747;26511;chr22;-;41223233;41225629;41225678;41226843;0
1748;26513;chr22;-;41236696;41240842;41240913;41246826;0
1749;26514;chr22;-;41226960;41228572;41228675;41231563;0
1750;26515;chr22;-;41240913;41244297;41244373;41246826;0
1751;26516;chr22;-;41240913;41244297;41244373;41252434;0
1752;26573;chr5;+;162869149;162869379;162869574;162870679;0
1753;26575;chr2;+;3623274;3623406;3623478;3624148;0
1754;26587;chr17;-;79580520;79589191;79589304;79596750;0
1755;26597;chr1;+;224371120;224377278;224378021;224380033;0
1756;26644;chr12;-;112098479;112103442;112103591;112110464;0
1757;2665;chrX;-;153298008;153323849;153323973;153357641;0
1758;26679;chr16;+;2218169;2220614;2220731;2221264;0
1759;26681;chr4;+;17579190;17581446;17581562;17583382;0
1760;26686;chr4;+;17597157;17598668;17598757;17600078;0
1761;26703;chr2;-;74654400;74654550;74654719;74655394;0
1762;26705;chr2;-;74657645;74657742;74657804;74659593;0
1763;26706;chr2;-;74654719;74655394;74655523;74655757;0
1764;26707;chr2;-;74654719;74655394;74655523;74655974;0
1765;26708;chr2;-;74654719;74655757;74655864;74655974;0
1766;26720;chr4;-;887797;890247;890337;891820;0
1767;26758;chr6;+;160511135;160517470;160517657;160523550;0
1768;26759;chr6;+;160390427;160412215;160412355;160430041;0
1769;26760;chr6;+;160493068;160493796;160493916;160494244;0
1770;26782;chr4;-;155525506;155527856;155528134;155529617;0
1771;26783;chr4;-;155525506;155526048;155526218;155527856;0
1772;26784;chr4;-;155533050;155533169;155533353;155533542;0
1773;26785;chr4;-;155528134;155529617;155529802;155530781;0
1774;26786;chr4;-;155530915;155531218;155531349;155532956;0
1775;26806;chr16;+;4498849;4500400;4500498;4505546;0
1776;26814;chr16;+;4497015;4498733;4498849;4505546;0
1777;26815;chr16;+;4497015;4498733;4498849;4500400;0
1778;26823;chrX;-;48324480;48324616;48324709;48325185;0
1779;26855;chr1;+;162769727;162773220;162773325;162774056;0
1780;2686;chr11;+;125448153;125448844;125448964;125449988;0
1781;26870;chr6;+;31378574;31378848;31379136;31379723;0
1782;26873;chr1;+;16693803;16713549;16713620;16717869;0
1783;26877;chr1;+;16693803;16719722;16719977;16721532;0
1784;26878;chr1;+;16693803;16719725;16719977;16721532;0
1785;26886;chr14;+;99967208;99967692;99967750;99968543;0
1786;26892;chr17;-;79994324;79994419;79994519;79994596;0
1787;26921;chr2;+;136409602;136418839;136418963;136432901;0
1788;26925;chr2;+;136473264;136479493;136479576;136480038;0
1789;2694;chr11;+;125451218;125452241;125452315;125453415;0
1790;26956;chr3;-;49141405;49141805;49141904;49142049;0
1791;26959;chr3;-;49141405;49141756;49141904;49142049;0
1792;26964;chr3;-;49133512;49135424;49135550;49135624;0
1793;26966;chr3;-;49137080;49137193;49137286;49137393;0
1794;26969;chr3;-;49141405;49141789;49141904;49142049;0
1795;26988;chrX;-;69509204;69509371;69509443;69509709;0
1796;27022;chr17;+;49233141;49237340;49237442;49238520;0
1797;27038;chr11;-;118968261;118968564;118968753;118969112;0
1798;27075;chr19;-;19106089;19112421;19112483;19114976;0
1799;27085;chr19;-;19115455;19119125;19119237;19120663;0
1800;27106;chr13;-;111340365;111350264;111350314;111353784;0
1801;27140;chr12;+;53512218;53512907;53513037;53514569;0
1802;27163;chr5;+;125944176;125952941;125953025;125960266;0
1803;27175;chr20;-;32246640;32247302;32247356;32247458;0
1804;27176;chr20;-;32245663;32245747;32245839;32246282;0
1805;27183;chr9;-;136674260;136677235;136677338;136699393;0
1806;27184;chr9;-;136648713;136649438;136649540;136650897;0
1807;27197;chr1;+;46072263;46078840;46078920;46079767;0
1808;27204;chr1;+;46049877;46056894;46056942;46067926;0
1809;27263;chr13;+;50057098;50057599;50057699;50059765;0
1810;27264;chr13;+;50055252;50056166;50056332;50056872;0
1811;27271;chr3;+;129017378;129020792;129020985;129023431;0
1812;27306;chr7;+;33035961;33039726;33039872;33042287;0
1813;27307;chr7;+;33028264;33035774;33035961;33042287;0
1814;27309;chr7;+;33039872;33042287;33042451;33044786;0
1815;27333;chr5;-;179302187;179302919;179303037;179305308;0
1816;27337;chr5;-;179321614;179326188;179326307;179331701;0
1817;27338;chr5;-;179305523;179306046;179306197;179306627;0
1818;27389;chr6;-;116973355;116977846;116978015;116979965;0
1819;27390;chr6;-;116980087;116981395;116981532;116981898;0
1820;27419;chr2;-;54125491;54127017;54127154;54128486;0
1821;27426;chr15;-;25620910;25638892;25639005;25650607;0
1822;27439;chr7;+;7196830;7273933;7274170;7277885;0
1823;27464;chr17;+;4846814;4847690;4847762;4847852;0
1824;2747;chr19;-;5928098;5931414;5931542;5932462;0
1825;27472;chr16;+;57238920;57241969;57242022;57242986;0
1826;27482;chr5;-;76732219;76733160;76733249;76734064;0
1827;27501;chr9;+;34329597;34339021;34339164;34343121;0
1828;2751;chr19;-;5931542;5932462;5932555;5933424;0
1829;2753;chr19;-;5928098;5931429;5931542;5932462;0
1830;27549;chr11;-;36296322;36297686;36297790;36298638;0
1831;27551;chr11;-;36297790;36298638;36298673;36300026;0
1832;27589;chr8;-;22494475;22502267;22502316;22526556;0
1833;27591;chr8;-;22479081;22480053;22480210;22481427;0
1834;27594;chr2;-;39499541;39499622;39499683;39505547;0
1835;27596;chr2;-;39519967;39520370;39520409;39526883;0
1836;27597;chr2;-;39514105;39515261;39515421;39517432;0
1837;27602;chr2;-;39492447;39494329;39494388;39499423;0
1838;27603;chr2;-;39505627;39507412;39507497;39509653;0
1839;27619;chr13;-;51961676;51969435;51969619;52004429;0
1840;27622;chr10;+;102296418;102300390;102300539;102304707;0
1841;27638;chr1;-;153947311;153948301;153948381;153949168;0
1842;27643;chr12;-;50616268;50625447;50625493;50642415;0
1843;27648;chr6;+;24784397;24784671;24784782;24785865;0
1844;27698;chr8;-;17927387;17928808;17928899;17933049;0
1845;2770;chr7;+;44836392;44838845;44838876;44840885;0
1846;27707;chr19;-;12790533;12790614;12790736;12790974;0
1847;27726;chr14;-;74441688;74442638;74442718;74443026;0
1848;27729;chr14;-;74442718;74443026;74443115;74443726;0
1849;27743;chr15;-;80137784;80181434;80181696;80189213;0
1850;27759;chr1;-;75175931;75180262;75180314;75188801;0
1851;27775;chr18;+;669173;670691;670867;671379;0
1852;27796;chr2;-;27605095;27605342;27605472;27606818;0
1853;27799;chr2;-;27605472;27606232;27606467;27606818;0
1854;2782;chr6;+;123122551;123124808;123124978;123126053;0
1855;27849;chr16;-;89713739;89715758;89715905;89717976;0
1856;27886;chr13;+;28855516;28862120;28862259;28866518;0
1857;27889;chr6;+;30587766;30592659;30592719;30593278;0
1858;27902;chr1;-;23724448;23735156;23735219;23743741;0
1859;27903;chr8;+;22462355;22463248;22463344;22463597;0
1860;27930;chr3;+;119219707;119222378;119222467;119222800;0
1861;27932;chr3;+;119219707;119222800;119222868;119232487;0
1862;27934;chr3;+;119217774;119222800;119222868;119232487;0
1863;27942;chr2;+;63265951;63272200;63272315;63272544;0
1864;27944;chr2;+;62974587;62991400;62991496;62998473;0
1865;27946;chr2;+;63176297;63182651;63182795;63206322;0
1866;27989;chr10;+;112328771;112333464;112333503;112335093;0
1867;28057;chr1;-;155640255;155642350;155642522;155644800;0
1868;2807;chr10;+;121196353;121199242;121199280;121201510;0
1869;28081;chr3;-;187444686;187446147;187446332;187446837;0
1870;28112;chr16;-;19718543;19721830;19721908;19725439;0
1871;28154;chr6;-;18131011;18132363;18132408;18134034;0
1872;28166;chr2;-;201718716;201719338;201719418;201719726;0
1873;28167;chr2;-;201718716;201719338;201719418;201721404;0
1874;28168;chr2;-;201726189;201726424;201726585;201729286;0
1875;28169;chr2;-;201719418;201719726;201719809;201721404;0
1876;28170;chr2;-;201718716;201719726;201719809;201721404;0
1877;2818;chrX;-;107331329;107331981;107332080;107334636;0
1878;28183;chr9;+;131750465;131752398;131752505;131755475;0
1879;28189;chr13;+;28196146;28222515;28222590;28239822;0
1880;28215;chr5;+;134117776;134118634;134118755;134120055;0
1881;28236;chr12;-;117157681;117158100;117158252;117175594;0
1882;28237;chr12;-;117157681;117158100;117158252;117160871;0
1883;2826;chr4;+;39187437;39188158;39188224;39191275;0
1884;283;chr16;+;23693478;23695190;23695410;23698789;0
1885;2833;chr10;+;115457362;115480790;115480927;115481409;0
1886;28331;chr2;+;36744685;36749234;36749456;36764494;0
1887;28332;chr2;+;36739537;36740698;36740908;36744469;0
1888;28345;chr7;+;115850788;115874587;115874673;115889073;0
1889;28372;chr20;+;25176503;25190484;25190561;25193898;0
1890;28381;chr20;+;25198217;25199185;25199250;25201867;0
1891;28382;chr20;+;25198217;25199185;25199250;25203473;0
1892;2840;chr2;+;87755164;87769668;87769823;87820725;0
1893;28454;chr10;+;120867676;120871360;120871440;120877030;0
1894;28461;chr12;+;69744052;69745999;69746078;69746932;0
1895;28462;chr12;+;69742324;69743887;69744052;69745999;0
1896;28480;chr6;-;42937725;42941740;42941824;42942612;0
1897;28491;chrX;+;153062007;153062912;153062987;153063179;0
1898;28580;chr6;+;34725731;34730371;34730480;34735684;0
1899;28599;chr3;-;48463215;48463513;48463614;48463739;0
1900;28600;chr3;-;48463215;48463513;48463614;48464173;0
1901;28601;chr3;-;48451139;48451313;48451486;48451704;0
1902;28602;chr3;-;48454578;48455078;48455227;48455303;0
1903;28605;chr3;-;48466026;48466689;48466742;48471380;0
1904;28606;chr3;-;48466026;48466689;48466742;48471416;0
1905;28609;chr3;-;48463614;48463739;48463868;48464173;0
1906;28610;chr3;-;48463215;48463739;48463868;48464173;0
1907;28616;chr3;-;48445997;48447130;48447205;48448229;0
1908;28620;chr1;-;153640133;153640475;153640553;153640928;0
1909;28621;chr1;-;153635032;153635180;153635271;153635494;0
1910;28653;chr19;-;19760749;19762497;19762606;19763403;0
1911;28655;chr1;+;173795924;173797470;173797537;173799797;0
1912;28657;chr1;+;173822705;173822932;173823043;173825803;0
1913;28658;chr15;+;76209735;76222224;76222390;76225025;0
1914;28661;chr15;+;76206546;76209570;76209735;76222224;0
1915;28689;chr6;+;33257697;33257950;33258021;33258492;0
1916;28700;chr11;+;125481414;125482486;125482642;125482883;0
1917;28719;chr16;+;89967202;89970525;89970613;89971345;0
1918;28720;chr16;+;89970613;89971345;89971504;89972601;0
1919;28726;chr16;+;89952374;89954059;89954125;89958600;0
1920;28746;chr2;+;86433418;86434305;86434450;86437602;0
1921;28747;chr2;+;86426656;86433228;86433418;86434305;0
1922;28756;chr12;-;110934008;110939221;110939364;110939853;0
1923;2876;chr17;-;45917009;45917556;45917738;45918035;0
1924;28774;chr5;+;149919826;149921131;149921228;149924873;0
1925;28778;chr5;+;149921228;149922409;149922533;149924873;0
1926;28782;chr4;-;1222131;1231970;1232125;1242703;0
1927;28783;chr4;-;1207393;1208130;1208261;1209778;0
1928;28803;chr5;-;133316647;133316796;133316885;133326545;0
1929;28804;chr5;-;133326845;133327996;133328046;133328636;0
1930;28877;chr9;-;125652824;125655187;125655305;125659557;0
1931;28898;chr6;+;52319085;52329692;52329913;52334130;0
1932;28916;chr20;+;32581937;32619327;32619410;32659871;0
1933;28919;chr20;+;32619410;32659871;32660136;32661368;0
1934;28920;chr20;+;32665051;32666310;32666359;32667715;0
1935;28925;chr20;+;32660011;32661368;32661441;32661624;0
1936;28932;chr2;-;150433056;150435944;150436162;150438640;0
1937;2896;chr20;+;44044983;44048971;44049069;44049167;0
1938;28975;chr16;+;4526488;4555484;4555611;4556895;0
1939;29006;chr22;-;24944041;24944884;24944969;24950916;0
1940;29019;chr22;+;19948812;19950049;19950338;19951088;0
1941;29020;chr22;+;19948812;19949755;19950338;19951088;0
1942;29042;chr2;-;105990190;105994452;105994574;106002817;0
1943;29078;chr11;-;18254080;18257382;18257477;18258263;0
1944;29085;chr9;+;133329760;133333787;133333976;133339497;0
1945;29107;chr14;+;58690419;58690500;58690574;58697116;0
1946;29114;chr1;+;32782383;32790079;32790154;32792539;0
1947;2920;chr3;-;49457775;49458924;49459005;49459536;0
1948;2921;chr19;-;45872250;45872327;45872405;45873390;0
1949;2924;chr19;-;45872405;45873390;45873490;45873793;0
1950;2925;chr19;-;45858109;45858922;45858986;45860527;0
1951;2930;chr18;-;47322251;47323835;47323964;47329056;0
1952;29307;chr15;+;49509510;49517401;49517546;49528047;0
1953;2931;chr14;-;24029627;24030504;24030640;24030720;0
1954;29329;chr22;-;28256229;28269725;28269803;28290542;0
1955;2934;chr14;-;24035628;24036319;24036528;24036947;0
1956;2935;chr14;-;24033065;24033254;24033430;24033541;0
1957;29350;chr20;+;5990558;6012657;6012726;6015109;0
1958;29351;chr20;+;5996136;6012657;6012726;6015109;0
1959;29353;chr20;+;5990558;5996006;5996136;6015109;0
1960;29365;chr6;-;88265223;88272419;88272503;88273847;0
1961;2937;chr14;-;24029059;24029146;24029245;24029463;0
1962;29395;chr5;+;68522228;68524026;68524214;68525034;0
1963;29439;chr17;+;80430574;80436675;80436794;80438957;0
1964;2947;chr14;-;24030844;24031170;24031275;24031496;0
1965;2948;chr14;-;24034408;24034814;24034910;24035272;0
1966;2949;chr14;-;24033065;24033254;24033368;24033541;0
1967;29513;chr4;-;17503482;17506001;17506098;17510893;0
1968;2952;chr1;-;110944205;110946540;110946658;110948939;0
1969;29553;chr11;-;65429559;65429649;65429676;65430296;0
1970;29559;chr11;-;65427268;65427594;65427686;65429407;0
1971;29581;chr13;-;111536140;111545374;111545610;111558379;0
1972;29587;chr9;-;124906657;124914523;124914687;124921905;0
1973;29588;chr9;-;124906657;124910390;124910556;124921905;0
1974;29589;chr9;-;124906657;124910390;124910556;124914523;0
1975;29601;chr1;+;161284215;161310383;161310445;161326466;0
1976;29629;chr12;+;105558085;105558418;105558518;105560641;0
1977;29662;chr6;+;30136307;30137017;30137040;30138277;0
1978;29671;chr1;-;225718340;225723208;225723265;225742607;0
1979;29674;chr1;-;225685514;225686048;225686106;225688693;0
1980;29697;chr2;+;69969307;69990165;69990208;70008651;0
1981;29703;chr2;+;69969307;70008651;70008706;70015185;0
1982;2973;chr11;+;756002;758949;759057;760121;0
1983;29789;chr16;-;74972164;74976635;74976724;74982416;0
1984;29799;chr16;-;74957901;74972047;74972164;74976635;0
1985;29834;chr14;-;51111732;51131896;51132337;51134591;0
1986;29847;chr16;-;11935857;11940357;11940459;11940551;0
1987;29874;chr7;-;102114982;102116627;102116717;102119254;0
1988;29876;chr6;+;163899928;163956013;163956157;163983013;0
1989;29890;chr2;+;73475054;73476118;73476307;73476946;0
1990;29894;chr2;+;73477566;73478353;73478560;73479767;0
1991;29914;chr1;-;156012704;156013788;156014014;156018291;0
1992;29916;chr1;-;156011778;156011943;156012027;156012564;0
1993;29925;chr1;-;113460666;113464611;113464755;113471713;0
1994;29926;chr1;-;113456787;113464611;113464755;113471713;0
1995;29927;chr1;-;113456787;113459799;113460666;113464611;0
1996;29928;chr1;-;113456787;113459799;113460666;113471713;0
1997;29929;chr16;+;69458760;69481052;69481181;69492995;0
1998;29930;chr16;+;69481181;69482017;69482047;69496332;0
1999;29931;chr16;+;69481181;69482017;69482047;69492995;0
2000;29934;chr16;+;69481181;69492995;69493024;69496332;0
2001;29935;chr16;+;69482047;69492995;69493024;69496332;0
2002;29963;chr3;-;49770405;49775644;49775855;49785250;0
2003;29970;chr5;+;151151597;151166132;151166276;151169883;0
2004;29971;chr5;+;151151597;151166163;151166276;151169883;0
2005;30017;chr13;+;99020449;99030074;99030172;99036983;0
2006;30023;chr13;+;98865667;98996015;98996120;99017648;0
2007;30024;chr13;+;99087960;99091057;99091126;99091360;0
2008;30027;chr13;+;99076904;99087829;99087960;99091057;0
2009;30030;chr13;+;99076904;99083296;99083534;99087829;0
2010;30032;chr13;+;99064288;99076825;99076904;99083296;0
2011;30044;chrX;+;47085426;47085677;47085801;47085981;0
2012;30047;chr1;-;36926913;36927688;36927764;36929406;0
2013;30048;chr1;-;36923582;36927688;36927764;36929406;0
2014;30049;chr1;-;36926377;36926864;36926913;36927688;0
2015;30051;chr1;-;36923582;36926864;36926913;36929406;0
2016;30052;chr1;-;36923582;36926292;36926377;36926864;0
2017;30054;chr1;-;36921979;36923523;36923582;36926292;0
2018;30065;chr4;+;146041305;146042325;146042385;146042484;0
2019;3007;chr17;-;79826819;79826931;79826951;79827048;0
2020;30075;chr16;+;2256660;2257035;2257111;2257193;0
2021;3008;chr17;-;79827282;79827417;79827501;79827616;0
2022;30086;chr15;-;78585130;78585508;78585614;78587287;0
2023;30087;chr15;-;78585614;78587287;78587315;78588016;0
2024;30089;chr15;-;78570643;78580630;78580724;78581960;0
2025;30115;chr17;+;8347675;8349028;8349182;8350071;0
2026;30118;chr7;+;5230124;5239206;5239289;5254165;0
2027;30121;chr7;+;5239289;5254165;5254335;5256193;0
2028;30128;chr2;-;85570921;85571361;85571471;85571716;0
2029;30132;chr2;-;85576704;85577162;85577364;85577902;0
2030;30138;chr17;+;80194107;80194604;80194748;80195013;0
2031;30151;chr20;-;4913362;4951438;4951565;4982051;0
2032;30158;chr20;-;4883204;4893525;4893624;4913100;0
2033;30165;chr8;-;17504588;17507354;17507471;17510694;0
2034;30182;chr20;+;33513569;33513907;33514084;33514679;0
2035;30191;chr20;+;33470792;33511125;33511234;33513500;0
2036;30196;chr14;+;31143203;31144189;31144271;31163978;0
2037;30199;chr14;+;31177271;31185129;31185183;31188530;0
2038;30214;chr14;+;31169464;31171501;31171581;31175028;0
2039;30217;chr14;+;31109070;31112521;31112611;31118733;0
2040;30249;chr9;-;94118437;94122560;94122722;94123909;0
2041;30252;chr9;-;93976707;93978340;93978388;93979558;0
2042;3027;chr8;+;26484811;26485387;26485456;26492295;0
2043;30278;chr5;+;68843928;68847370;68847412;68849396;0
2044;30290;chr1;-;45470478;45471465;45471555;45471668;0
2045;30294;chr20;+;36028697;36030004;36030081;36030837;0
2046;30333;chr1;+;78585183;78591564;78591646;78601275;0
2047;30380;chr20;+;61299262;61299828;61299893;61300281;0
2048;30398;chr8;+;96053854;96056704;96056823;96057772;0
2049;30410;chr2;-;70442626;70443339;70443424;70443535;0
2050;30439;chr8;-;66525668;66534497;66534589;66539450;0
2051;30512;chr1;+;150960432;150960566;150960662;150960758;0
2052;30523;chr6;+;30546354;30547707;30547782;30548182;0
2053;30554;chr11;+;61110930;61111327;61111447;61111607;0
2054;30558;chr1;-;6324755;6341161;6341346;6354923;0
2055;30595;chr20;-;44536394;44536479;44536543;44538154;0
2056;30613;chr3;+;183894855;183895330;183895399;183896644;0
2057;30614;chr3;+;183899835;183899938;183900036;183900544;0
2058;30615;chr3;+;183899014;183899483;183899603;183899699;0
2059;30616;chr3;+;183892747;183894738;183894855;183896644;0
2060;30620;chr3;+;183898772;183898872;183899014;183899699;0
2061;30624;chr3;+;183894855;183896644;183896910;183897956;0
2062;30656;chr16;-;1869224;1869897;1870015;1872300;0
2063;30658;chr16;-;1870015;1872300;1872365;1872865;0
2064;30662;chr16;-;1866995;1867168;1867272;1869897;0
2065;30669;chr16;-;70698999;70699368;70699443;70708208;0
2066;30670;chr16;-;70698999;70699368;70699443;70700242;0
2067;30671;chr16;-;70710881;70711694;70711802;70712154;0
2068;30672;chr16;-;70698999;70708208;70708431;70710783;0
2069;30687;chr17;-;58150640;58151106;58151247;58153490;0
2070;30703;chr3;-;183961784;183962388;183962509;183962985;0
2071;30711;chr10;-;97114724;97115383;97116862;97117387;0
2072;30782;chr15;-;40328701;40329186;40329219;40330482;0
2073;30793;chr20;+;34205162;34205700;34205762;34206008;0
2074;30796;chr20;+;34205162;34206844;34206920;34207116;0
2075;30798;chr20;+;34206397;34206844;34206920;34207116;0
2076;308;chr5;+;96078460;96082045;96082129;96083048;0
2077;30812;chr7;-;91746526;91747833;91747929;91752433;0
2078;30813;chr7;-;91743157;91746357;91746526;91752433;0
2079;30818;chr16;-;14678279;14678605;14678648;14680174;0
2080;30829;chr2;+;187540654;187541539;187541662;187541923;0
2081;30831;chr2;+;187534541;187540330;187540444;187540546;0
2082;30834;chr2;+;187534541;187540546;187540654;187541539;0
2083;30846;chr1;-;36096945;36101910;36102033;36106942;0
2084;30859;chr10;+;101553756;101554169;101554225;101556853;0
2085;30865;chr10;+;101567986;101569890;101569975;101577064;0
2086;30866;chr10;+;101567986;101569890;101569975;101571292;0
2087;30867;chr10;+;101567986;101569890;101569975;101576820;0
2088;30868;chr10;+;101590190;101590472;101590608;101591367;0
2089;30886;chr10;+;101604222;101605380;101605539;101606717;0
2090;30888;chr10;+;101594292;101595847;101596047;101603555;0
2091;30889;chr10;+;101606884;101610358;101610553;101611258;0
2092;30891;chr1;+;8031023;8037711;8037798;8044953;0
2093;30892;chr1;+;8022935;8025383;8025485;8029404;0
2094;30895;chr1;+;8025485;8030953;8031023;8037711;0
2095;3091;chr7;-;158531812;158534213;158534587;158536219;0
2096;30928;chr3;-;119156950;119165864;119166019;119176864;0
2097;3094;chr7;-;158540971;158542339;158542414;158552176;0
2098;30940;chr2;-;74593502;74593585;74593747;74593909;0
2099;30942;chr2;-;74598303;74598663;74598855;74618920;0
2100;3096;chr7;-;158557544;158560344;158560465;158566031;0
2101;30987;chr1;-;169484864;169487649;169487801;169489764;0
2102;30989;chr1;-;169492590;169493038;169493142;169494074;0
2103;30991;chr1;-;169495255;169498845;169499056;169500023;0
2104;30992;chr1;-;169497332;169498845;169499056;169500023;0
2105;30993;chr1;-;169495255;169497152;169497332;169498845;0
2106;30994;chr1;-;169495255;169497152;169497332;169500023;0
2107;31025;chr14;+;52458159;52460440;52460540;52465211;0
2108;31043;chr16;+;3526337;3529470;3529600;3532501;0
2109;3106;chr10;+;112653956;112654169;112654280;112655705;0
2110;31064;chr17;-;42929930;42930663;42930758;42930884;0
2111;31065;chr17;-;42929185;42929776;42929930;42930884;0
2112;31067;chr17;-;42962702;42963952;42964118;42971784;0
2113;31068;chr17;-;42945718;42949813;42949938;42953301;0
2114;31114;chr12;+;3192885;3310342;3310422;3387586;0
2115;31133;chr13;-;25034274;25043161;25043248;25044031;0
2116;31135;chr13;-;24995452;25000603;25000736;25005514;0
2117;31139;chr13;-;25005614;25008532;25009612;25015983;0
2118;31183;chr3;+;196594944;196612021;196613565;196626536;0
2119;31194;chr5;+;52900725;52942062;52942235;52954380;0
2120;31195;chr5;+;52856590;52899281;52899360;52942062;0
2121;31202;chr11;+;837618;837941;838028;838132;0
2122;31216;chr21;-;34903190;34903794;34903863;34904650;0
2123;31227;chr1;-;8482867;8525984;8526083;8555122;0
2124;31235;chr1;-;8568734;8601272;8601377;8616533;0
2125;3124;chr1;+;165797169;165854378;165854616;165859440;0
2126;31254;chr18;+;19192404;19202685;19202762;19203708;0
2127;31263;chr10;-;127500857;127503602;127503699;127504745;0
2128;31265;chr10;-;127477574;127477851;127477932;127483448;0
2129;31269;chr10;-;127484757;127486633;127486714;127495981;0
2130;31272;chr22;+;21272533;21288066;21288532;21303998;0
2131;31274;chr12;+;112236046;112241662;112241777;112247346;0
2132;31277;chr12;+;112228366;112229109;112229223;112229864;0
2133;31279;chr12;+;112236046;112237709;112237867;112241662;0
2134;3128;chr15;+;72810475;72837160;72837305;72847611;0
2135;31280;chr12;+;112236046;112237709;112237867;112247346;0
2136;31315;chr7;+;42974735;42976762;42976840;42976920;0
2137;3134;chrX;+;131188889;131197460;131197517;131202242;0
2138;31348;chr15;+;77228063;77236098;77236212;77239761;0
2139;31351;chr3;+;58089812;58090806;58090943;58092406;0
2140;31352;chr3;+;58118658;58120342;58120499;58121705;0
2141;31355;chr3;+;58132720;58133932;58134091;58134375;0
2142;31356;chr3;+;58088067;58089685;58089812;58092406;0
2143;31358;chr3;+;58112489;58116467;58116635;58118534;0
2144;31359;chr3;+;58128479;58129199;58129340;58131647;0
2145;31371;chr2;-;103343433;103347483;103347527;103348780;0
2146;31423;chr16;+;14743830;14748922;14749067;14755748;0
2147;31431;chr16;-;2313288;2314176;2314332;2318055;0
2148;31464;chr17;+;80377759;80382269;80382379;80386433;0
2149;3148;chr16;+;56500180;56500787;56500879;56501076;0
2150;31491;chr11;+;12499496;12518004;12518145;12525860;0
2151;3150;chr16;+;56492506;56496445;56496546;56500063;0
2152;31530;chr21;+;27113986;27117520;27117665;27121346;0
2153;31539;chr6;-;34558377;34574331;34574681;34622401;0
2154;3154;chr2;+;130940025;130940199;130940348;130948041;0
2155;31540;chr6;-;34558377;34574331;34574681;34614377;0
2156;31543;chr22;+;41605937;41609896;41610030;41612142;0
2157;3155;chr2;+;130940348;130941359;130941539;130948041;0
2158;3156;chr15;-;75219228;75221456;75221573;75230255;0
2159;3157;chr15;-;75216111;75221456;75221573;75230255;0
2160;31571;chr20;+;56918855;56928328;56928400;56928487;0
2161;3158;chr15;-;75212783;75215988;75216111;75219106;0
2162;31584;chr19;+;7694746;7695458;7695545;7695708;0
2163;3159;chr15;-;75212783;75215988;75216111;75221456;0
2164;31609;chr20;+;36668966;36676749;36676883;36685933;0
2165;3161;chr15;-;75216111;75219106;75219228;75221456;0
2166;31612;chr20;+;36687922;36694482;36694658;36718127;0
2167;31615;chr1;+;12027148;12030726;12030873;12032928;0
2168;31616;chr1;+;12010577;12012679;12012792;12014886;0
2169;3162;chr15;-;75216111;75219106;75219228;75230255;0
2170;31658;chr1;+;214822170;214825052;214825229;214826170;0
2171;31688;chr16;+;67880888;67899004;67899132;67902242;0
2172;31715;chr22;+;31556289;31578954;31579052;31583032;0
2173;31719;chr17;+;40653322;40659537;40659645;40665878;0
2174;31733;chr2;-;10585175;10585280;10585390;10588246;0
2175;31734;chr2;-;10583962;10584220;10584393;10584599;0
2176;31737;chrX;-;44386611;44397712;44397788;44401190;0
2177;31743;chr11;-;27412712;27413993;27414065;27434335;0
2178;31746;chr11;-;27401886;27402186;27402258;27402441;0
2179;31748;chr16;-;8994487;8994846;8994914;8994998;0
2180;31749;chr16;-;8993614;8994846;8994914;8994998;0
2181;31753;chr16;-;8989598;8990855;8990956;8992216;0
2182;31754;chr16;-;8993614;8994386;8994487;8994846;0
2183;31755;chr16;-;8993614;8994386;8994487;8994998;0
2184;31756;chr16;-;9002307;9004601;9004684;9009110;0
2185;31757;chr16;-;8993045;8993460;8993614;8994846;0
2186;31759;chr16;-;8992294;8992387;8992496;8992977;0
2187;31800;chr13;+;113496693;113505350;113505532;113508592;0
2188;31805;chr19;+;58262279;58264658;58264747;58268239;0
2189;31817;chr15;-;64365227;64367690;64367736;64373300;0
2190;3183;chr3;-;52265555;52265959;52266138;52269044;0
2191;31878;chr6;-;53140059;53140976;53141054;53156573;0
2192;31902;chr20;+;37570769;37576518;37576643;37580181;0
2193;31911;chr20;-;18470634;18471038;18471124;18474601;0
2194;31920;chr8;+;17359811;17396285;17396431;17400826;0
2195;31925;chr9;-;139111010;139113641;139113787;139115608;0
2196;31929;chr1;-;156238206;156243151;156243241;156244387;0
2197;31933;chr1;-;156237469;156237905;156237974;156238080;0
2198;31936;chr1;-;156243241;156244387;156244477;156246875;0
2199;31948;chrX;-;70281817;70282703;70282799;70287991;0
2200;31951;chr6;-;1742820;1930336;1930464;1960100;0
2201;31983;chr19;+;11118699;11121056;11121207;11123624;0
2202;320;chr1;-;165723511;165728761;165728821;165737428;0
2203;32026;chr2;+;138759764;138762701;138762795;138771344;0
2204;32031;chr2;+;138722198;138727734;138727787;138759633;0
2205;32032;chr2;+;138727787;138758487;138758595;138759633;0
2206;32033;chr2;+;138722198;138758487;138758595;138759633;0
2207;32065;chr7;+;99746598;99747121;99747202;99751022;0
2208;32069;chr3;-;52159197;52172184;52172318;52179861;0
2209;32075;chr16;-;15135533;15138190;15138264;15141298;0
2210;3208;chr11;-;82985035;82985681;82985783;82991183;0
2211;32086;chr5;-;148892772;148899852;148899951;148904607;0
2212;32087;chr5;-;148885158;148886589;148886696;148889441;0
2213;32089;chr5;-;148889516;148891356;148891435;148892632;0
2214;32090;chr5;-;148899951;148904607;148904734;148929637;0
2215;3211;chr11;-;82973008;82976906;82977021;82984689;0
2216;32129;chr12;+;6604391;6618882;6618958;6619240;0
2217;32133;chr12;-;50524477;50528328;50528485;50529514;0
2218;32134;chr12;-;50524477;50528182;50528485;50529514;0
2219;3214;chr11;-;82991303;82996169;82996254;82996915;0
2220;32162;chr19;-;9724779;9727720;9727847;9728766;0
2221;32166;chr2;-;11361483;11362208;11362300;11364447;0
2222;32167;chr2;-;11355538;11355635;11355771;11356283;0
2223;32169;chr2;-;11348573;11351806;11351966;11354482;0
2224;32184;chr11;+;117031977;117034485;117034608;117038136;0
2225;32204;chr6;-;112025305;112029124;112029223;112035549;0
2226;32226;chr19;+;54967424;54967503;54967644;54967814;0
2227;32229;chr1;+;32498935;32502510;32502644;32503435;0
2228;32237;chr7;-;73011262;73011511;73012043;73013855;0
2229;32238;chr7;-;73011119;73011194;73011262;73011511;0
2230;32242;chr7;-;73021750;73021919;73022002;73030400;0
2231;32243;chr7;-;73021348;73021660;73021750;73021919;0
2232;32244;chr7;-;73012043;73013855;73014025;73020017;0
2233;32246;chr7;-;73014025;73020017;73020098;73030400;0
2234;32248;chr7;-;73020098;73020239;73020441;73021303;0
2235;32264;chr13;+;114290443;114290848;114291015;114294434;0
2236;32270;chr13;+;114265377;114277494;114277601;114285937;0
2237;3229;chr16;+;1833037;1833877;1834067;1836537;0
2238;32296;chr2;+;44078961;44079492;44079625;44079737;0
2239;32309;chr7;+;26241181;26242590;26242642;26245987;0
2240;32310;chr7;+;26246130;26248012;26248175;26251281;0
2241;32349;chr11;+;64880337;64880691;64880886;64880962;0
2242;32363;chr11;+;64880886;64880962;64881066;64882184;0
2243;32379;chr8;-;141856777;141874410;141874498;141900641;0
2244;32384;chr8;-;141669777;141675015;141675096;141678367;0
2245;32392;chr8;-;141716304;141727696;141727808;141745349;0
2246;3240;chrX;-;47511543;47516970;47517038;47517180;0
2247;3241;chrX;-;47516689;47516970;47517038;47517180;0
2248;3242;chrX;-;47511543;47516581;47516689;47517180;0
2249;32438;chr12;+;123252151;123253328;123253468;123253580;0
2250;32439;chr12;+;123249934;123252034;123252151;123253328;0
2251;32440;chr12;+;123238354;123246733;123246753;123247391;0
2252;32446;chr1;+;45479742;45480110;45480248;45480407;0
2253;32448;chr1;+;45480508;45480611;45480678;45481008;0
2254;32449;chr1;+;45479463;45479580;45479742;45480110;0
2255;32456;chr7;-;73657576;73663341;73663550;73664068;0
2256;32473;chr18;+;12948231;12951853;12951904;12955461;0
2257;3249;chr1;+;153600972;153602984;153603138;153603987;0
2258;3250;chr1;+;153600972;153602984;153603138;153604173;0
2259;32503;chr12;+;7052825;7053269;7053336;7053638;0
2260;32535;chr3;+;197677849;197678029;197678182;197680873;0
2261;32566;chr6;+;33243843;33243952;33244044;33244167;0
2262;32605;chr17;-;20924539;20931854;20931987;20945977;0
2263;32607;chr17;-;79891252;79892201;79892365;79892801;0
2264;32608;chr17;-;79893392;79893998;79894069;79894623;0
2265;32615;chr19;+;8530246;8530363;8530399;8531118;0
2266;32617;chr19;+;8520458;8527412;8527465;8528380;0
2267;32618;chr19;+;8538592;8539050;8539128;8548041;0
2268;32629;chr19;-;48631277;48634332;48634428;48636238;0
2269;32647;chr3;-;49722522;49722654;49722815;49722903;0
2270;32649;chr3;-;49725101;49725182;49725330;49726030;0
2271;32650;chr3;-;49722522;49722694;49722815;49722903;0
2272;32651;chr3;-;49722388;49722694;49722815;49722903;0
2273;32661;chr8;-;100899846;100904135;100904280;100905866;0
2274;32716;chr11;-;67953395;67957383;67957619;67980943;0
2275;3272;chr9;-;74974437;74975025;74975137;74975543;0
2276;32742;chr2;+;71368499;71371557;71371668;71375128;0
2277;32744;chr1;-;54389620;54394044;54394113;54395711;0
2278;32745;chr1;-;54389620;54395711;54395818;54405657;0
2279;32746;chr1;-;54394113;54395518;54395616;54395711;0
2280;32784;chr19;+;8321594;8321832;8321961;8322762;0
2281;32787;chr19;+;8274378;8275589;8275746;8315927;0
2282;32792;chr17;+;80014642;80014715;80014850;80014928;0
2283;32795;chr17;+;80013098;80013615;80013701;80013876;0
2284;32797;chr17;+;80014267;80014345;80014426;80014504;0
2285;32802;chr19;-;15226732;15226811;15226882;15226962;0
2286;32809;chr4;+;109571950;109576719;109576813;109578605;0
2287;32810;chr4;+;109571950;109576719;109576813;109588402;0
2288;32812;chr1;+;6512156;6517243;6517323;6520058;0
2289;32813;chr1;+;6511808;6511892;6512156;6517243;0
2290;32817;chr1;+;6517323;6517420;6517432;6520058;0
2291;3283;chr14;-;24776721;24777023;24777159;24777684;0
2292;3284;chr14;-;24776721;24777023;24777126;24777684;0
2293;32846;chrX;+;102631541;102631955;102632034;102632390;0
2294;32864;chr16;+;2818262;2818997;2819285;2820352;0
2295;32867;chr16;+;2808548;2808985;2809048;2809140;0
2296;32870;chr6;+;52442449;52442847;52443191;52444172;0
2297;32875;chr12;-;58143287;58144438;58144548;58144705;0
2298;32878;chr12;-;58145125;58145282;58145519;58145957;0
2299;32889;chr6;-;47221257;47251673;47252168;47253679;0
2300;32903;chr22;-;19165378;19165454;19165554;19165645;0
2301;32905;chr22;-;19164007;19164090;19164206;19164358;0
2302;32910;chr9;+;131702776;131702877;131702994;131703723;0
2303;32920;chr12;-;53937232;53946324;53946421;53994736;0
2304;32923;chr18;-;33611060;33613670;33613800;33647216;0
2305;32957;chr16;-;75665753;75668070;75668190;75669577;0
2306;32962;chr16;-;75674247;75675461;75675621;75681475;0
2307;32964;chr16;-;75670445;75674081;75674247;75675461;0
2308;32965;chr16;-;75670445;75674081;75674247;75681475;0
2309;32980;chr2;+;228680284;228681022;228681100;228681777;0
2310;32981;chr2;+;228678703;228681022;228681100;228681777;0
2311;32982;chr2;+;228678703;228680172;228680284;228681022;0
2312;32983;chr2;+;228678703;228680172;228680284;228681777;0
2313;32984;chr2;+;228678703;228680169;228680284;228681022;0
2314;32985;chr2;+;228678703;228680169;228680284;228681777;0
2315;32986;chr10;-;103869800;103870285;103870458;103870625;0
2316;32997;chr10;-;33201052;33208812;33209012;33209172;0
2317;3301;chr11;-;111711532;111715323;111715446;111724102;0
2318;33063;chr9;-;116825038;116831978;116832025;116835204;0
2319;33064;chr9;-;116825038;116831978;116832025;116832133;0
2320;33065;chr9;-;116828556;116831978;116832025;116835204;0
2321;33066;chr9;-;116837316;116838877;116839020;116840372;0
2322;33096;chrX;-;23897151;23898961;23899069;23925810;0
2323;33120;chrX;+;69368690;69370059;69370172;69385682;0
2324;33122;chrX;+;69354666;69366482;69366678;69368610;0
2325;33123;chr10;-;35299370;35300775;35300892;35302626;0
2326;33130;chr3;+;186692878;186756529;186756661;186760441;0
2327;33131;chr3;+;186790735;186791946;186792121;186793349;0
2328;33148;chrX;+;147018132;147018984;147019119;147022094;0
2329;33155;chr2;-;3604494;3605264;3605433;3605722;0
2330;33193;chr17;+;79683885;79684031;79684102;79684428;0
2331;33194;chr17;+;79684891;79686860;79686917;79687005;0
2332;33197;chr5;+;72192383;72192882;72192978;72195832;0
2333;33198;chr5;+;72199610;72201129;72201272;72204535;0
2334;33204;chr2;+;182819361;182839945;182839991;182926168;0
2335;33215;chr1;-;150940353;150940558;150940677;150940870;0
2336;33264;chr5;+;138699611;138700252;138700432;138704421;0
2337;33300;chr16;-;57463192;57464169;57464251;57466398;0
2338;33301;chr16;-;57465178;57466398;57466472;57467955;0
2339;33302;chr16;-;57468124;57470567;57470644;57473093;0
2340;33307;chr16;-;30129105;30129367;30129484;30129669;0
2341;33332;chr19;-;4333813;4333969;4334041;4338648;0
2342;3335;chr4;-;77969815;77976302;77976533;77977114;0
2343;3337;chr4;-;77977476;77979659;77979788;77987401;0
2344;33379;chr19;-;5896586;5896915;5897008;5903622;0
2345;33391;chr10;+;7759751;7763611;7763740;7765413;0
2346;33392;chr10;+;7762926;7763611;7763740;7765413;0
2347;33393;chr10;+;7772096;7774300;7774440;7776884;0
2348;33394;chr10;+;7780721;7785108;7785222;7786044;0
2349;33396;chr10;+;7751154;7755143;7755248;7759588;0
2350;33399;chr10;+;7745481;7747070;7747145;7750984;0
2351;3340;chr17;+;46988242;46990195;46990383;46993437;0
2352;33400;chr10;+;7772096;7773773;7773959;7774300;0
2353;33401;chr10;+;7774440;7776884;7777054;7785108;0
2354;33405;chr10;+;7745481;7750984;7751154;7755143;0
2355;33406;chr10;+;7749196;7750984;7751154;7755143;0
2356;33407;chr10;+;7759751;7762818;7762926;7763611;0
2357;33408;chr10;+;7759751;7762818;7762926;7765413;0
2358;33409;chr10;+;7777054;7780583;7780721;7785108;0
2359;33411;chr10;+;7769081;7769665;7769791;7771914;0
2360;33412;chr10;+;7747145;7749163;7749196;7750984;0
2361;33415;chr10;+;7745481;7749163;7749196;7750984;0
2362;33421;chr3;-;129277418;129278462;129278626;129279172;0
2363;33462;chrX;+;117900939;117907841;117907938;117910389;0
2364;33483;chr17;+;25637200;25638534;25638642;25639235;0
2365;3350;chr7;-;107564532;107564674;107564834;107566627;0
2366;3351;chr7;-;107605132;107613436;107613516;107615430;0
2367;3353;chr7;-;107569650;107569856;107570064;107571800;0
2368;33533;chr20;-;33623111;33632307;33632515;33637668;0
2369;3354;chr7;-;107571945;107572618;107572822;107575859;0
2370;33540;chr20;-;33632515;33637668;33637797;33642778;0
2371;33543;chr2;-;174946792;174987907;174988005;174988322;0
2372;33555;chr11;-;2154895;2156596;2156759;2158421;0
2373;33561;chr6;+;33177907;33178934;33179324;33179505;0
2374;33563;chr6;+;33177563;33177691;33177907;33178934;0
2375;33580;chr16;-;89341599;89345479;89352057;89352446;0
2376;33607;chr14;-;21679465;21679564;21679725;21679968;0
2377;33608;chr14;-;21699231;21702111;21702388;21737456;0
2378;33625;chr7;-;150035830;150036074;150036170;150037188;0
2379;33627;chr7;-;150035528;150035703;150035830;150036074;0
2380;33633;chr6;-;33231880;33232150;33232274;33232558;0
2381;33669;chr13;-;99109558;99112625;99112694;99114027;0
2382;33705;chr8;+;126163519;126168241;126168340;126194344;0
2383;33714;chr4;+;190876306;190878552;190878657;190881902;0
2384;33720;chr1;+;24020403;24021149;24021281;24022287;0
2385;33736;chr4;-;83349332;83349430;83349599;83350400;0
2386;33740;chr4;-;83348717;83349170;83349332;83350400;0
2387;33743;chr16;+;50256345;50257084;50257298;50258567;0
2388;33752;chr2;+;153485047;153486169;153486238;153486338;0
2389;33757;chr2;+;153437563;153463852;153463927;153468008;0
2390;33759;chr2;+;153475672;153476022;153476232;153481951;0
2391;33793;chr13;+;49765520;49771012;49771126;49771860;0
2392;33798;chr2;-;190430325;190436440;190436567;190437571;0
2393;33820;chr12;-;6958362;6958486;6958577;6958728;0
2394;33829;chr17;-;63534461;63537572;63537675;63545637;0
2395;33883;chr9;+;139699079;139699213;139699268;139699808;0
2396;33884;chr9;+;139699079;139699213;139699268;139700529;0
2397;33885;chr9;+;139699079;139699808;139699909;139700529;0
2398;33889;chr14;+;55596018;55604087;55604109;55604762;0
2399;33891;chr14;+;55596018;55600069;55600110;55604087;0
2400;3396;chr5;-;140057005;140057239;140057338;140057492;0
2401;33968;chr3;-;49397815;49398360;49398499;49399928;0
2402;33969;chr3;-;49397815;49399928;49400059;49405860;0
2403;33971;chr3;-;49413024;49444144;49444239;49449252;0
2404;33973;chr3;-;49400059;49405860;49405981;49412866;0
2405;33984;chr20;+;31596489;31598829;31598923;31600608;0
2406;33985;chr20;+;31596496;31598829;31598923;31600608;0
2407;33988;chr20;+;31606156;31606442;31606628;31606867;0
2408;33989;chr20;+;31606156;31606442;31606628;31607385;0
2409;33994;chr20;+;31606921;31607385;31607556;31608133;0
2410;33996;chr20;+;31608393;31609086;31609150;31611147;0
2411;34001;chr20;+;31609150;31609528;31609605;31611147;0
2412;34002;chr20;+;31608393;31609528;31609605;31611147;0
2413;34011;chr20;+;31601762;31603241;31603302;31604847;0
2414;34017;chr20;+;31601762;31604847;31604908;31606064;0
2415;34018;chr20;+;31600713;31601615;31601762;31603241;0
2416;34025;chr20;+;31606156;31606867;31606921;31607385;0
2417;34036;chr2;+;27865386;27870702;27870810;27872981;0
2418;34037;chr2;+;27864146;27865295;27865386;27870702;0
2419;34061;chr12;-;103238209;103240672;103240729;103246592;0
2420;34064;chr12;-;103232996;103234177;103234293;103245464;0
2421;34074;chr12;-;103234293;103245464;103245534;103246592;0
2422;34075;chr12;-;103238209;103245464;103245534;103246592;0
2423;34076;chr12;-;103240729;103245464;103245534;103246592;0
2424;34094;chr17;-;40738155;40738782;40738909;40744073;0
2425;34113;chr3;-;52291535;52292551;52292694;52293212;0
2426;34122;chr1;+;211444651;211444869;211445216;211447551;0
2427;34144;chr17;-;74080220;74080328;74080370;74080597;0
2428;34145;chr17;-;74090662;74093876;74094099;74097351;0
2429;34154;chr5;+;34939114;34941200;34941288;34944971;0
2430;34159;chr8;-;17100694;17100950;17101054;17102544;0
2431;34160;chr8;-;17090046;17092224;17092369;17094720;0
2432;34162;chr8;-;17100694;17100950;17101131;17102544;0
2433;34163;chr8;-;17088357;17089935;17090046;17092224;0
2434;34164;chr8;+;29953044;29959413;29959489;29961815;0
2435;34173;chr2;-;74699379;74699484;74699597;74699695;0
2436;34189;chr4;+;56737399;56738014;56738124;56744082;0
2437;34244;chr6;-;167352496;167356506;167356577;167360169;0
2438;34245;chr6;-;167343279;167344531;167344606;167352382;0
2439;34246;chr6;-;167343279;167344531;167344606;167347578;0
2440;34249;chr6;-;167344606;167347578;167347624;167352382;0
2441;34263;chr9;-;111746716;111753005;111753125;111754911;0
2442;34282;chr4;+;110448588;110451444;110451620;110452540;0
2443;34297;chr12;-;56737315;56737608;56737919;56739929;0
2444;34299;chr18;+;29172989;29175082;29175218;29178530;0
2445;34310;chr8;-;38282217;38283639;38283763;38285438;0
2446;34324;chr16;-;88876556;88876830;88876964;88877957;0
2447;34327;chr1;-;15901336;15905353;15905549;15906588;0
2448;34328;chr1;-;15901336;15904179;15904359;15905353;0
2449;34329;chr1;-;15906637;15909687;15909890;15911190;0
2450;34330;chr1;-;15900219;15901251;15901336;15904179;0
2451;34332;chr19;+;56166519;56170575;56170711;56171542;0
2452;34346;chr7;+;45930316;45931530;45931659;45932558;0
2453;34367;chr19;+;45157286;45161029;45161178;45164558;0
2454;34373;chr12;+;50484373;50488219;50488355;50492496;0
2455;3440;chr2;-;152663486;152668870;152668954;152670682;0
2456;34417;chr12;-;57648896;57649772;57649857;57650196;0
2457;34442;chr8;+;98703416;98718853;98718978;98725889;0
2458;34444;chr8;+;98725997;98731276;98731417;98735106;0
2459;34445;chr8;+;98698980;98699656;98699833;98701265;0
2460;34455;chr11;-;124793906;124794623;124794965;124805817;0
2461;34461;chr8;+;145537302;145537508;145537574;145537647;0
2462;34464;chr8;+;145533582;145534859;145534935;145535006;0
2463;34467;chr3;+;38278452;38284233;38284269;38287565;0
2464;34477;chr2;-;48049442;48050281;48050499;48059487;0
2465;34492;chr7;-;100883184;100883422;100883528;100884110;0
2466;34498;chr11;-;89944486;89947185;89947343;89948341;0
2467;345;chr12;+;7030945;7031218;7031327;7031506;0
2468;34507;chr14;+;24105981;24108387;24108565;24109002;0
2469;34508;chr14;+;24112428;24113319;24113371;24113617;0
2470;34511;chr14;+;24108565;24109002;24109104;24112360;0
2471;34512;chr14;+;24105981;24109002;24109104;24112360;0
2472;34513;chr14;+;24105981;24109002;24109104;24110874;0
2473;34529;chr2;-;220038189;220038867;220038929;220039499;0
2474;34543;chr11;+;62529132;62529266;62529376;62530338;0
2475;34552;chr1;+;215751071;215751271;215751424;215752342;0
2476;34553;chr1;+;215751071;215751343;215751424;215752342;0
2477;34557;chr2;-;211301116;211302413;211302596;211305321;0
2478;34595;chr3;+;127779504;127783719;127783880;127785796;0
2479;34597;chr3;+;127771402;127771677;127771745;127774358;0
2480;34600;chr22;+;32889268;32891479;32891517;32894130;0
2481;34611;chr14;-;36147308;36153014;36153191;36154134;0
2482;34614;chr14;-;36041924;36064839;36064995;36074791;0
2483;34617;chr14;-;36226114;36230034;36230212;36231915;0
2484;34619;chr14;-;36125121;36133847;36133973;36140594;0
2485;34621;chr11;+;64863950;64864469;64864599;64875052;0
2486;34656;chr10;-;12221131;12222393;12222488;12226887;0
2487;34659;chr10;-;12212769;12212898;12212907;12214763;0
2488;34685;chr21;+;42710428;42716402;42716461;42717612;0
2489;34686;chr21;+;42710428;42717612;42717663;42718939;0
2490;34698;chrX;+;152959722;152959798;152959901;152959987;0
2491;34699;chrX;+;152959472;152959584;152959722;152959798;0
2492;34748;chr11;+;93474894;93475128;93475232;93480462;0
2493;3475;chr11;-;8970022;8974749;8974884;8977736;0
2494;34754;chr1;+;150310802;150312873;150312953;150315784;0
2495;3477;chr1;-;9990515;9994819;9994918;9995549;0
2496;34770;chr12;-;122294531;122295662;122295725;122296592;0
2497;34771;chr12;-;122295338;122295662;122295725;122296592;0
2498;34773;chr12;-;122277954;122281615;122281738;122284767;0
2499;34776;chr12;-;122287696;122292608;122292698;122294229;0
2500;34779;chr12;-;122294531;122295233;122295338;122296592;0
2501;34780;chr12;-;122286982;122287592;122287696;122292608;0
2502;34781;chr16;+;69820983;69832584;69832732;69833076;0
2503;34791;chr19;+;52772884;52785363;52785490;52786537;0
2504;3480;chr1;-;9995685;9996576;9996685;10002681;0
2505;3481;chr3;-;15094974;15100875;15100982;15106567;0
2506;3483;chr3;-;15091442;15094797;15094974;15100875;0
2507;34837;chr17;-;7217040;7217224;7217307;7217398;0
2508;34839;chr6;+;44214932;44216353;44216513;44217113;0
2509;34840;chr6;+;44214932;44216366;44216513;44217113;0
2510;34841;chr6;+;44214932;44217113;44217320;44217411;0
2511;34892;chr16;-;69364998;69366616;69366785;69368423;0
2512;34905;chr2;+;228356356;228384663;228384779;228388478;0
2513;34906;chr2;+;228401420;228401616;228401709;228416674;0
2514;34911;chr11;+;1974085;1976840;1977011;1977485;0
2515;34913;chr20;+;2637541;2637726;2637864;2638574;0
2516;34915;chr20;+;2636860;2637046;2637195;2637419;0
2517;34916;chr20;+;2636680;2637046;2637195;2637419;0
2518;3492;chr17;-;15961378;15961784;15961913;15964714;0
2519;34926;chr8;+;21883032;21883157;21883283;21890640;0
2520;3495;chr17;-;15969008;15971207;15971435;15973478;0
2521;34967;chr7;-;54823574;54825187;54825287;54826850;0
2522;34969;chr7;-;54820113;54823471;54823574;54825187;0
2523;35;chr11;+;33065482;33076138;33076271;33078660;0
2524;35013;chr13;+;115047602;115048311;115048418;115051776;0
2525;35019;chr13;+;115048418;115051993;115052104;115056963;0
2526;35027;chr13;+;115052104;115057108;115057267;115064314;0
2527;35058;chr18;-;55273202;55274365;55274565;55274675;0
2528;35059;chr18;-;55273983;55274365;55274565;55274675;0
2529;35061;chr18;-;55273202;55273847;55273983;55274365;0
2530;35062;chr18;-;55273202;55273847;55273983;55274675;0
2531;35073;chr20;+;61910347;61912642;61912699;61914170;0
2532;35078;chr20;+;61912699;61914170;61914203;61916217;0
2533;35115;chr20;-;48746227;48747392;48747484;48760038;0
2534;35118;chr11;-;6703633;6703977;6704046;6704353;0
2535;35125;chr9;-;139959239;139959314;139959431;139959529;0
2536;35143;chr2;-;224840621;224842260;224842344;224845027;0
2537;35144;chr2;-;224863059;224866358;224866639;224903815;0
2538;35164;chr15;-;44892830;44898222;44898289;44900641;0
2539;35185;chr2;+;177193113;177193601;177193640;177194028;0
2540;35188;chr22;-;50722419;50722560;50722642;50723001;0
2541;35191;chr22;-;50723094;50723273;50723342;50724228;0
2542;35219;chr10;-;81923161;81923289;81923369;81923808;0
2543;35225;chr1;-;8932045;8934882;8934976;8938638;0
2544;35226;chr1;-;8928116;8930510;8930569;8931949;0
2545;35253;chr1;+;31901915;31902243;31902385;31905813;0
2546;35267;chr17;-;79801968;79803019;79803106;79803436;0
2547;35268;chr17;-;79801968;79803019;79803106;79803335;0
2548;35270;chr17;-;79805223;79813017;79813155;79817054;0
2549;35271;chr17;-;79805223;79813017;79813155;79817056;0
2550;35272;chr17;-;79813462;79817056;79817263;79818202;0
2551;35274;chr17;-;79804948;79805118;79805223;79813017;0
2552;35275;chr17;-;79813155;79813328;79813462;79817056;0
2553;35276;chr17;-;79803618;79803746;79803867;79804304;0
2554;35294;chr13;+;49050979;49051490;49051540;49054133;0
2555;35300;chr10;-;13325839;13330359;13330541;13333830;0
2556;35303;chr10;-;13336596;13337495;13337606;13340186;0
2557;35304;chr10;-;13330541;13333830;13333912;13336427;0
2558;35356;chr17;-;59924581;59926489;59926617;59934418;0
2559;35378;chr19;+;35773570;35775691;35775751;35775840;0
2560;35389;chr3;-;31710316;31712288;31712475;31725125;0
2561;35410;chr5;-;137496757;137497484;137497553;137497742;0
2562;35451;chr2;-;9727638;9728293;9728457;9731520;0
2563;35452;chr6;+;64231731;64237723;64237989;64260204;0
2564;35454;chr6;+;64288933;64289161;64289236;64289961;0
2565;35467;chr9;-;14824113;14824793;14824990;14841444;0
2566;35474;chr9;-;14819440;14823157;14823325;14824022;0
2567;355;chr2;+;242263656;242287548;242287606;242289487;0
2568;35518;chr1;-;31501711;31532050;31532424;31538462;0
2569;35547;chr11;-;47202241;47203953;47204110;47204224;0
2570;35548;chr11;-;47199597;47199916;47200038;47200444;0
2571;35584;chr1;-;92757094;92762960;92763086;92763517;0
2572;35593;chr19;+;1496452;1496589;1496670;1497172;0
2573;35595;chr5;+;176514034;176516550;176516694;176517390;0
2574;35596;chr5;+;176514636;176516550;176516694;176517390;0
2575;35599;chr5;+;176516694;176517390;176517654;176517745;0
2576;35603;chr5;+;176516694;176517745;176517826;176517938;0
2577;35610;chr18;+;180339;192841;192900;196636;0
2578;35634;chr3;+;52828912;52829618;52829639;52830496;0
2579;35637;chr3;+;52835162;52836349;52836535;52836682;0
2580;35642;chr3;+;52833937;52834553;52834679;52834980;0
2581;35685;chrX;-;102318207;102318569;102318659;102319023;0
2582;35688;chr19;-;36605314;36605560;36605615;36605699;0
2583;35718;chr8;-;67955552;67958046;67958195;67959919;0
2584;35719;chr8;-;67955552;67958046;67958195;67963464;0
2585;35748;chr10;-;95441355;95443812;95443855;95445002;0
2586;3575;chr13;-;22069457;22070190;22070299;22077064;0
2587;35755;chr5;-;89695366;89701501;89701616;89703515;0
2588;35756;chr5;-;89689924;89692309;89692381;89695174;0
2589;35757;chr3;+;141595752;141622461;141622590;141626008;0
2590;35771;chr20;+;327786;328077;328156;329892;0
2591;35776;chr20;+;327786;328077;328150;329892;0
2592;35793;chr10;+;134464009;134503895;134503959;134511319;0
2593;35795;chr7;-;98995636;98997925;98998047;99001020;0
2594;3580;chr13;-;22084240;22088491;22088557;22095383;0
2595;35829;chr20;+;56964573;56993266;56993419;57009657;0
2596;35830;chr20;+;56964573;56993266;56993419;57015962;0
2597;35837;chr2;+;198365163;198365797;198365962;198367762;0
2598;35859;chr11;+;71705898;71706495;71706597;71707240;0
2599;35860;chr11;+;71693961;71698049;71698157;71701642;0
2600;35861;chr11;+;71671937;71698049;71698157;71701642;0
2601;35863;chr11;+;71671937;71693806;71693961;71701642;0
2602;3591;chr14;-;50044571;50052667;50052767;50053002;0
2603;3592;chr14;-;50050393;50052667;50052767;50053002;0
2604;3593;chr14;-;50050393;50052667;50052767;50065117;0
2605;35934;chr11;-;118895786;118895900;118896039;118897646;0
2606;35944;chr19;+;984563;985864;985975;989761;0
2607;35945;chr20;-;23610102;23614550;23614636;23615890;0
2608;35968;chr16;+;58036549;58043832;58044016;58048176;0
2609;35971;chr12;-;72038855;72041528;72041593;72050664;0
2610;35978;chr7;+;6631498;6634065;6634231;6639459;0
2611;36004;chr2;+;101869940;101874252;101874417;101879000;0
2612;36138;chr4;+;26431675;26432040;26432144;26432313;0
2613;36139;chr5;-;40767792;40769517;40769605;40771820;0
2614;3617;chr19;-;39879505;39879586;39879655;39879732;0
2615;36193;chr6;-;52661112;52662383;52662435;52663978;0
2616;36223;chr12;-;30814200;30815260;30815421;30816422;0
2617;36233;chr7;+;131122756;131128239;131128461;131130532;0
2618;36234;chr7;+;131012756;131060182;131060252;131071878;0
2619;3627;chr3;-;150262285;150263489;150263565;150263838;0
2620;36275;chr1;-;100203824;100206348;100206496;100207734;0
2621;36287;chr4;-;100003267;100006265;100006367;100009839;0
2622;36289;chr4;-;100002603;100003125;100003267;100006265;0
2623;3629;chr16;-;24958916;24960724;24960805;24963609;0
2624;36293;chr7;+;45109560;45112324;45112382;45113058;0
2625;36306;chr11;-;47652639;47656223;47656286;47657096;0
2626;36308;chr11;-;47640471;47644252;47644328;47648631;0
2627;36317;chr7;+;27835838;27839583;27839709;27855967;0
2628;36318;chr7;+;27835838;27839583;27839709;27867356;0
2629;36340;chr9;+;140135869;140136172;140136281;140136362;0
2630;36381;chr2;-;97261368;97263817;97263897;97267379;0
2631;364;chr2;+;242263656;242265407;242265528;242274540;0
2632;36423;chr9;-;99083623;99086372;99086451;99098998;0
2633;36432;chr9;-;99106278;99122435;99122503;99126745;0
2634;36433;chr9;-;99086451;99122435;99122503;99126745;0
2635;36438;chr9;-;99122503;99126745;99126832;99130553;0
2636;3645;chr2;+;101619270;101620619;101620745;101622420;0
2637;36450;chr8;-;117661165;117738254;117738411;117767904;0
2638;36451;chr8;-;117671219;117738254;117738411;117767904;0
2639;36452;chr8;-;117668244;117738254;117738411;117767904;0
2640;36453;chr8;-;117658842;117661044;117661165;117767904;0
2641;36457;chr8;-;117661165;117668094;117668244;117767904;0
2642;36458;chr8;-;117661165;117668094;117668244;117738254;0
2643;36463;chr14;-;92582573;92583841;92583986;92587539;0
2644;36464;chr14;-;92582573;92583841;92583986;92587985;0
2645;36486;chr15;+;74920009;74920310;74920393;74920944;0
2646;36487;chr15;+;74908239;74911537;74911689;74912349;0
2647;36488;chr15;+;74917359;74918142;74918309;74919692;0
2648;36569;chr1;+;155287812;155287959;155288082;155289401;0
2649;36573;chr1;+;155279996;155282045;155282186;155287731;0
2650;36575;chr1;+;155288082;155288646;155288719;155289401;0
2651;36576;chr1;+;155288168;155288455;155288544;155288646;0
2652;36577;chr1;+;155288082;155288455;155288544;155288646;0
2653;366;chr2;+;242255025;242265407;242265528;242274540;0
2654;36618;chr6;+;24667572;24698110;24698295;24701686;0
2655;36624;chr19;+;18684213;18684471;18684558;18685679;0
2656;36648;chr5;-;40832675;40834282;40834367;40834572;0
2657;36689;chr15;+;99828156;99857668;99857751;99874127;0
2658;36694;chr7;+;30668285;30671063;30671157;30671862;0
2659;36697;chr7;+;30634759;30638411;30638513;30639562;0
2660;367;chr2;+;242255397;242265407;242265528;242274540;0
2661;36700;chr19;-;6262321;6270589;6270770;6279783;0
2662;36732;chr1;+;87200862;87207890;87208119;87208810;0
2663;36741;chr6;-;45073743;45332937;45333038;45345504;0
2664;36743;chr6;-;44777238;44797500;44797594;44900389;0
2665;36751;chr19;+;50017743;50027763;50028033;50029266;0
2666;36752;chr19;+;50016730;50017138;50017390;50017467;0
2667;36756;chr19;+;50016500;50016643;50016730;50017138;0
2668;36759;chr19;+;50016730;50028713;50028830;50029266;0
2669;36760;chr19;+;50028033;50028713;50028830;50029266;0
2670;36762;chr19;+;50016730;50017467;50017743;50027763;0
2671;36763;chr19;+;50017390;50017467;50017743;50029266;0
2672;36764;chr19;+;50017390;50017467;50017743;50027763;0
2673;36793;chr14;+;75180255;75181574;75181646;75182653;0
2674;3681;chr7;+;102988228;102994367;102994405;102995314;0
2675;36821;chr5;+;170815010;170817054;170817134;170818308;0
2676;36827;chr5;+;170819982;170827156;170827214;170832305;0
2677;36831;chr5;+;170815010;170818709;170818803;170819713;0
2678;36832;chr5;+;170815010;170818308;170818428;170818709;0
2679;36844;chr1;-;56977824;56989494;56989552;56989948;0
2680;36852;chr19;-;10461644;10461727;10461838;10463109;0
2681;36868;chr13;+;103301836;103303708;103303747;103309405;0
2682;36891;chr2;-;27429402;27429744;27429810;27430125;0
2683;36892;chr2;-;27423981;27424217;27424321;27424533;0
2684;36897;chr15;+;44060795;44061715;44061844;44062447;0
2685;36898;chr15;+;44059108;44060686;44060795;44061715;0
2686;369;chr2;+;242257014;242263630;242263656;242265407;0
2687;36900;chr15;+;44038904;44046021;44046100;44048846;0
2688;36902;chr15;+;44053729;44055274;44055404;44057647;0
2689;36903;chr15;+;44048964;44053621;44053729;44057647;0
2690;36905;chr19;+;5648054;5648999;5649510;5649936;0
2691;36912;chr6;-;86387210;86387512;86387593;86387853;0
2692;36914;chr6;-;86387593;86387671;86387750;86387853;0
2693;36915;chr6;-;86387210;86387671;86387750;86387853;0
2694;36916;chr6;-;86386909;86387141;86387210;86387512;0
2695;36920;chr6;-;43017897;43017997;43018136;43018705;0
2696;36923;chr6;-;160100330;160103505;160103670;160105885;0
2697;36925;chr17;+;37649143;37650776;37650947;37657502;0
2698;36927;chr17;+;37657692;37665957;37666014;37667781;0
2699;36981;chr21;+;34793992;34799190;34799339;34804483;0
2700;36983;chr21;+;34799339;34804483;34804643;34805020;0
2701;36984;chr21;+;34775922;34787194;34787327;34793786;0
2702;3699;chrX;-;53570929;53571520;53571723;53571989;0
2703;36990;chr5;-;149826526;149827147;149827298;149829265;0
2704;36993;chr14;-;24686429;24687338;24687421;24701455;0
2705;36999;chr14;-;24687637;24700857;24701073;24701455;0
2706;370;chr2;+;242255397;242263630;242263656;242265407;0
2707;37002;chr14;-;24687421;24687589;24687637;24701455;0
2708;37003;chr14;-;24687421;24687589;24687637;24700857;0
2709;3701;chrX;-;53589205;53589791;53589890;53590706;0
2710;37018;chr5;+;111496992;111497399;111497472;111497847;0
2711;3702;chrX;-;53590782;53591534;53591683;53592027;0
2712;37036;chr7;+;101821937;101833092;101833151;101837121;0
2713;37049;chr10;+;124915243;124917244;124917396;124919922;0
2714;37050;chr10;+;124916911;124917244;124917396;124919922;0
2715;3707;chrX;-;53565415;53565795;53566041;53566617;0
2716;37088;chr1;+;110591860;110592081;110592182;110592964;0
2717;37090;chr17;+;72759659;72763074;72763115;72764285;0
2718;37091;chr17;+;72745426;72763074;72763115;72764285;0
2719;37098;chr11;-;9803185;9805897;9805985;9806671;0
2720;371;chr2;+;242255397;242263630;242263656;242287548;0
2721;3710;chrX;-;53575234;53575919;53576466;53577626;0
2722;3712;chr18;+;3247907;3249358;3249441;3253230;0
2723;37120;chr1;+;11897213;11897399;11897556;11898391;0
2724;37136;chr3;-;120393836;120394638;120394710;120400943;0
2725;37137;chr3;-;120389379;120394638;120394710;120400943;0
2726;37138;chr3;-;120360540;120363165;120363290;120365113;0
2727;37146;chr3;-;120347376;120351993;120352175;120357301;0
2728;37151;chr3;-;120365899;120366723;120366758;120369620;0
2729;37155;chr3;-;120389379;120393747;120393836;120394638;0
2730;37156;chr3;-;120389379;120393747;120393836;120400943;0
2731;37162;chr22;+;40746039;40750251;40750331;40754867;0
2732;37186;chr2;+;71645769;71655676;71655781;71658456;0
2733;372;chr2;+;242255397;242263630;242263656;242274540;0
2734;37205;chr14;+;50247040;50247420;50247493;50249087;0
2735;37206;chr14;+;50247493;50249087;50249175;50249259;0
2736;37207;chr14;+;50249175;50249259;50249312;50249547;0
2737;3721;chr12;-;96386583;96387228;96387266;96387703;0
2738;37223;chr12;-;49496323;49496669;49496734;49496873;0
2739;37234;chr12;-;49491522;49491726;49491888;49494170;0
2740;37245;chr14;-;24656185;24656290;24656356;24656605;0
2741;37246;chr14;-;24651609;24651997;24652048;24652181;0
2742;37250;chr14;-;24649964;24650718;24650823;24650916;0
2743;37253;chr16;-;31504369;31504787;31504845;31504923;0
2744;37256;chr16;-;31505108;31505186;31505257;31508169;0
2745;37258;chr15;-;59931356;59934334;59934461;59942867;0
2746;37260;chr15;-;59944525;59949013;59949232;59949604;0
2747;37261;chr15;-;59934461;59944404;59944525;59949604;0
2748;37265;chr15;-;59934461;59942867;59942972;59944404;0
2749;3727;chr12;-;96379744;96379842;96379938;96380844;0
2750;3729;chr12;-;96370484;96371721;96371856;96374333;0
2751;37292;chr17;-;76816094;76817072;76817143;76818018;0
2752;37326;chr17;+;36462598;36474585;36474634;36476501;0
2753;37327;chr17;+;36462598;36474585;36474634;36478008;0
2754;37335;chr19;-;14590336;14591116;14591297;14591404;0
2755;37361;chr14;+;105219656;105222940;105223097;105225764;0
2756;37394;chr17;+;48551167;48551254;48551365;48551559;0
2757;374;chr2;+;242255025;242263630;242263656;242265407;0
2758;3741;chr19;-;17514998;17515179;17515246;17516099;0
2759;3742;chr19;-;17514633;17514937;17514998;17516099;0
2760;37438;chr6;-;38645159;38650583;38650651;38652149;0
2761;37439;chr6;-;38645159;38649787;38649877;38650583;0
2762;37444;chrX;-;43661510;43662546;43662651;43698113;0
2763;37445;chrX;-;43627963;43628553;43628665;43634421;0
2764;37484;chr11;+;2422028;2423068;2423377;2423523;0
2765;3750;chr19;-;19243563;19243938;19244019;19245592;0
2766;37502;chr13;-;20279971;20283681;20283739;20304378;0
2767;37509;chr16;-;4511960;4513420;4513513;4513660;0
2768;3753;chr14;-;103986648;103986805;103986929;103987599;0
2769;37537;chr5;-;137897478;137902314;137902407;137902689;0
2770;37538;chr5;-;137903250;137903337;137903411;137904613;0
2771;37539;chr5;-;137909539;137909756;137909815;137910926;0
2772;37542;chr5;-;137894346;137895552;137895780;137897268;0
2773;37543;chr5;-;137893675;137894241;137894346;137895552;0
2774;3755;chr2;+;55460008;55460498;55460553;55461966;0
2775;3756;chr2;+;55460008;55460498;55460553;55461254;0
2776;3757;chr2;+;55460553;55461254;55461340;55461966;0
2777;37572;chr3;+;160960441;160964123;160964236;160965045;0
2778;3758;chr2;+;55460008;55461254;55461340;55461966;0
2779;3760;chr9;+;77752532;77755749;77755848;77761598;0
2780;37600;chr17;+;76183514;76187050;76187141;76198579;0
2781;37617;chr2;+;219647160;219674299;219674490;219676944;0
2782;37623;chr19;+;34945461;34949673;34949829;34954930;0
2783;37625;chr19;+;34945461;34951374;34951471;34954930;0
2784;37626;chr19;+;34949829;34951374;34951471;34954930;0
2785;37630;chr19;+;34919475;34925772;34925873;34929549;0
2786;37636;chr11;-;61050377;61053785;61053902;61058270;0
2787;37645;chr11;-;61032510;61032593;61032684;61034933;0
2788;37658;chr16;+;48292651;48295334;48295498;48296688;0
2789;37668;chr14;-;99925522;99927528;99927677;99929822;0
2790;37669;chr14;-;99929915;99932039;99932150;99947064;0
2791;3769;chr22;+;35741777;35742922;35742965;35743047;0
2792;37693;chr3;+;128445202;128514202;128514263;128516785;0
2793;37696;chr3;+;128516912;128526385;128526514;128532169;0
2794;37706;chr6;-;150059914;150063525;150063706;150064773;0
2795;37712;chr1;+;76205795;76211490;76211599;76215103;0
2796;37716;chr1;+;76215244;76216135;76216231;76226806;0
2797;37742;chr22;+;23631808;23632525;23632600;23634727;0
2798;37746;chr22;+;23654023;23655073;23655208;23656154;0
2799;37747;chr22;+;23655208;23656154;23656260;23656738;0
2800;37754;chr3;-;131208924;131217022;131217121;131219273;0
2801;37756;chr11;-;62621305;62621489;62621536;62621990;0
2802;37757;chr11;-;62621536;62621990;62622023;62622604;0
2803;37759;chr11;-;62622688;62622895;62622938;62623336;0
2804;37765;chr2;+;32418022;32418957;32419052;32422412;0
2805;37802;chr9;+;138453743;138454205;138454279;138454665;0
2806;37806;chr11;+;64795108;64799639;64799675;64799902;0
2807;37816;chr17;+;39975651;39975781;39975927;39976520;0
2808;37820;chr17;+;39975651;39976520;39976713;39977198;0
2809;37821;chr17;+;39974779;39975461;39975651;39976520;0
2810;37838;chr1;+;2492153;2493111;2493254;2494303;0
2811;37856;chr19;-;899495;899600;899686;900060;0
2812;37865;chr11;-;2981139;2985909;2985981;2991032;0
2813;37879;chr11;-;2997353;2999513;2999572;3013483;0
2814;37890;chr1;+;55525336;55527047;55527229;55529041;0
2815;379;chr2;+;242274627;242275389;242275513;242276796;0
2816;37900;chr7;-;128620085;128622301;128622378;128624221;0
2817;37901;chr17;-;78113939;78115117;78115180;78115580;0
2818;37908;chr19;-;55697352;55697831;55697908;55698880;0
2819;37911;chr19;-;55697352;55697592;55697727;55697831;0
2820;37912;chr19;-;55698971;55699445;55699536;55702868;0
2821;37913;chr19;-;55711870;55713423;55713690;55715149;0
2822;37921;chr10;+;12288276;12291579;12291717;12292309;0
2823;37923;chr10;+;12277122;12279142;12279265;12280455;0
2824;37931;chr11;+;14865572;14880588;14880792;14882750;0
2825;37947;chr20;-;419939;420891;421033;422231;0
2826;37948;chr20;-;422687;425693;425774;442979;0
2827;37953;chr2;-;55777142;55785910;55786104;55791448;0
2828;37956;chr2;-;55792177;55795329;55795499;55800754;0
2829;37957;chr2;-;55806917;55808702;55808834;55812186;0
2830;37964;chr16;-;46836982;46841880;46842046;46843514;0
2831;37968;chr16;-;46836982;46838247;46838358;46858297;0
2832;37998;chr19;+;17628198;17628518;17628659;17631752;0
2833;38008;chr9;-;139618452;139619506;139619562;139620762;0
2834;38024;chr12;+;57892406;57894103;57894305;57898007;0
2835;38028;chr12;+;57884427;57891939;57892056;57892202;0
2836;38035;chrX;+;77372912;77373547;77373667;77378331;0
2837;38036;chrX;+;77378871;77380370;77380548;77380823;0
2838;38046;chr12;+;53415644;53416276;53416411;53421565;0
2839;38049;chr12;+;53416411;53421565;53421703;53421798;0
2840;38050;chr12;+;53416390;53421565;53421703;53421798;0
2841;38051;chr12;+;53400280;53410256;53410394;53412581;0
2842;3807;chr6;+;44200165;44200543;44200743;44201153;0
2843;38082;chr11;-;2005915;2006079;2006212;2006672;0
2844;38083;chr2;+;64796813;64800079;64800202;64806619;0
2845;38096;chr15;-;76566835;76576097;76576166;76577977;0
2846;38097;chr15;-;76578079;76578711;76578822;76580186;0
2847;38098;chr15;-;76523739;76566752;76566835;76576097;0
2848;38099;chr15;-;76580286;76584771;76584854;76603690;0
2849;381;chr2;+;242274627;242275373;242275513;242276796;0
2850;38104;chr15;-;76584854;76584959;76585041;76587931;0
2851;38105;chr15;-;76584854;76584959;76585041;76603690;0
2852;38130;chr5;-;121406284;121409707;121409864;121411098;0
2853;38133;chr6;-;166778941;166779461;166779594;166780282;0
2854;38136;chr6;-;166778941;166779461;166779550;166780282;0
2855;38137;chr6;-;166780379;166782220;166782449;166783705;0
2856;38138;chr6;-;166780379;166782232;166782423;166783705;0
2857;38189;chr3;+;9839461;9841868;9841980;9845526;0
2858;38190;chr3;+;9841980;9843344;9843440;9845526;0
2859;382;chr2;+;242265528;242274540;242274627;242275389;0
2860;38260;chr2;+;136530117;136533818;136533921;136536517;0
2861;38265;chr2;+;136528305;136529989;136530117;136536517;0
2862;38269;chr3;+;128979650;128982746;128982842;128984391;0
2863;38273;chr3;+;128968589;128969524;128969577;128971123;0
2864;38274;chr3;+;128984635;128985866;128985942;128986779;0
2865;38275;chr3;+;128987463;128987774;128987843;128990609;0
2866;38278;chr15;+;78832881;78834246;78834272;78834824;0
2867;38281;chr15;+;78834987;78836531;78836609;78837210;0
2868;38298;chr9;-;34093446;34096713;34096779;34098321;0
2869;38299;chr9;-;34088506;34089409;34089588;34093283;0
2870;383;chr2;+;242283312;242285580;242285664;242287548;0
2871;38339;chr11;-;18253157;18253941;18254080;18257382;0
2872;38346;chr4;+;57302494;57307828;57308026;57312860;0
2873;38349;chr4;+;57314989;57316784;57316868;57318037;0
2874;38351;chr9;-;102768929;102769859;102769971;102778603;0
2875;38369;chr20;-;61542966;61545561;61545758;61557783;0
2876;38379;chr7;+;116552194;116556113;116556176;116557780;0
2877;38399;chr2;-;132241791;132249448;132249597;132249779;0
2878;384;chr2;+;242265528;242274549;242274627;242275389;0
2879;38403;chr15;-;74948409;74963795;74964115;74967301;0
2880;38434;chr16;-;70020412;70024499;70024586;70029971;0
2881;38450;chr19;-;40743998;40744811;40744880;40747844;0
2882;38457;chr2;-;206994966;206997668;206997829;207003208;0
2883;38463;chr2;-;206997829;207003208;207003338;207006664;0
2884;38464;chr2;-;207003338;207006664;207006793;207007409;0
2885;38465;chr17;+;18692748;18694208;18694353;18700891;0
2886;38466;chr17;+;18692748;18694208;18694273;18700891;0
2887;38482;chr15;+;65337920;65343852;65343943;65345303;0
2888;38494;chr12;-;57036364;57036456;57036615;57037186;0
2889;38497;chr12;-;57033091;57033763;57033976;57036241;0
2890;38498;chr12;-;57038739;57038954;57039137;57039620;0
2891;38500;chr1;-;47162321;47173577;47173723;47181966;0
2892;38513;chr3;-;49168875;49168967;49169156;49169548;0
2893;38514;chr3;-;49162045;49162133;49162358;49162438;0
2894;38516;chr3;-;49159803;49160136;49160485;49160564;0
2895;38517;chr3;-;49167451;49167663;49167852;49168172;0
2896;38518;chr3;-;49167852;49168172;49168293;49168382;0
2897;38532;chr5;-;175812328;175812930;175813020;175813840;0
2898;38557;chr12;+;72291721;72300801;72300918;72307605;0
2899;38572;chr1;-;151026797;151027491;151027602;151028152;0
2900;38582;chr1;+;246907427;246921527;246921658;246922335;0
2901;38583;chr1;+;246890306;246899276;246899357;246903473;0
2902;38586;chr10;+;12126750;12129533;12129728;12130984;0
2903;38605;chr20;-;17596654;17597376;17597484;17599240;0
2904;38608;chr20;-;17599324;17600277;17600373;17600943;0
2905;38609;chr20;-;17623772;17639240;17641173;17660643;0
2906;38612;chr20;-;17602418;17602499;17602592;17605220;0
2907;38613;chr20;-;17596174;17596570;17596654;17597376;0
2908;38615;chr20;-;17616309;17617221;17617374;17622441;0
2909;38621;chr4;+;119625206;119626765;119626976;119631152;0
2910;38630;chr13;+;37582314;37582865;37582972;37583320;0
2911;38682;chr2;+;9583790;9588326;9588479;9593041;0
2912;38700;chr19;+;532108;535836;535923;536242;0
2913;38728;chr6;+;43143705;43144285;43144405;43146031;0
2914;38749;chr19;-;33954968;33968951;33968996;33980901;0
2915;3875;chr10;+;104404944;104414409;104414505;104414836;0
2916;38750;chr19;-;33878987;33882200;33882385;33892626;0
2917;38770;chr22;-;24313812;24315956;24316132;24316495;0
2918;38779;chr20;+;35827628;35828849;35828897;35832287;0
2919;38780;chr20;+;35858462;35860698;35860794;35864982;0
2920;38782;chr20;+;35833304;35835675;35835852;35838449;0
2921;38787;chr20;+;35860794;35862422;35862498;35864982;0
2922;38788;chr20;+;35858462;35862422;35862498;35864982;0
2923;38791;chr20;+;35852372;35854090;35854205;35856952;0
2924;38792;chr20;+;35862498;35864982;35865112;35869705;0
2925;38793;chr20;+;35807772;35812582;35812776;35826799;0
2926;38794;chr11;-;134118378;134119060;134119156;134119721;0
2927;38833;chr11;+;117052687;117052775;117052821;117053234;0
2928;38855;chr9;+;131873910;131882791;131882889;131885330;0
2929;38856;chr9;+;131873910;131882791;131882889;131891263;0
2930;38865;chr5;-;179227953;179228333;179228467;179228553;0
2931;3887;chr22;+;21128433;21133584;21134489;21138259;0
2932;3888;chr22;+;21128433;21138259;21138533;21140291;0
2933;38889;chr4;-;186336501;186336863;186337021;186339594;0
2934;38894;chr8;-;11710988;11719853;11719987;11725509;0
2935;38895;chr8;-;11710988;11719853;11719987;11721884;0
2936;38896;chr8;-;11704677;11705187;11705331;11705575;0
2937;38907;chr8;-;11710988;11715366;11715449;11725509;0
2938;38908;chr8;-;11710988;11715366;11715449;11721884;0
2939;38919;chr13;-;75866407;75868989;75869149;75873465;0
2940;3892;chr10;+;70517134;70520763;70520949;70525644;0
2941;38920;chr13;-;75923438;75930282;75930387;75933904;0
2942;38926;chr6;+;43027423;43029048;43029331;43030654;0
2943;38929;chr6;+;43039357;43039589;43039660;43039884;0
2944;38933;chr22;+;21342407;21343077;21343161;21343913;0
2945;3895;chr10;+;70525836;70530962;70531202;70532744;0
2946;38951;chr2;+;228197304;228205007;228205096;228220392;0
2947;38984;chr17;+;6544472;6545072;6545154;6545568;0
2948;38985;chr17;+;6544547;6545072;6545154;6545568;0
2949;38988;chr17;+;6545154;6545568;6545644;6546270;0
2950;3899;chr12;-;82747091;82748273;82748373;82750738;0
2951;38992;chr1;+;93586229;93592788;93592856;93599259;0
2952;39028;chr15;-;101872236;101906400;101906537;101910539;0
2953;39029;chr15;-;101858627;101862724;101862812;101865054;0
2954;39030;chr15;-;101845560;101847417;101847530;101858523;0
2955;39031;chr15;-;101906537;101910539;101910728;101922296;0
2956;39034;chr15;-;101847530;101853580;101853710;101858523;0
2957;39043;chr7;-;45145363;45148425;45148842;45151241;0
2958;39052;chr7;-;45145363;45148425;45148886;45151241;0
2959;39057;chr2;+;85848702;85850768;85850905;85852661;0
2960;39058;chr2;+;85852814;85857843;85858069;85863175;0
2961;39062;chr2;+;85872206;85875052;85875139;85875883;0
2962;39070;chr11;-;47264872;47266285;47266418;47266855;0
2963;39071;chr9;-;15478550;15479588;15479685;15486003;0
2964;39085;chr15;-;65262560;65266939;65267085;65268812;0
2965;39092;chr15;-;65268893;65273201;65273363;65275844;0
2966;39109;chr4;+;69688120;69692127;69692215;69693046;0
2967;39113;chr10;-;88233730;88256957;88257076;88259474;0
2968;39168;chr4;+;88363067;88370293;88370405;88372740;0
2969;39185;chr14;-;31841115;31844021;31844174;31849672;0
2970;39186;chr14;-;31844174;31849672;31849784;31852726;0
2971;39196;chr1;+;151227284;151234636;151234777;151236389;0
2972;39197;chr1;+;151237710;151238479;151238588;151238783;0
2973;39198;chr1;+;151237394;151237641;151237710;151237869;0
2974;39199;chr1;+;151227284;151236389;151236504;151237307;0
2975;39200;chr1;+;151237710;151237869;151238085;151238479;0
2976;39217;chr16;+;521389;532524;532736;538850;0
2977;39230;chr5;-;32126742;32135677;32135792;32143854;0
2978;39238;chr8;-;80965665;80976712;80976828;81083659;0
2979;39239;chr8;-;80976828;81032049;81032119;81083659;0
2980;39274;chr3;-;127801417;127806548;127806651;127816142;0
2981;39298;chr15;-;65777498;65780027;65780156;65782526;0
2982;39326;chr1;-;6593501;6609630;6609758;6610455;0
2983;39333;chr16;-;88786940;88787023;88787156;88787573;0
2984;39357;chr20;+;19998093;20003099;20003124;20006312;0
2985;39359;chr20;+;20006411;20007427;20007563;20013151;0
2986;39360;chr20;+;19998093;20007427;20007563;20013151;0
2987;39361;chr2;+;89036193;89037493;89037593;89049497;0
2988;39368;chr19;-;11036449;11038305;11038392;11038474;0
2989;39382;chr1;-;45795109;45795560;45795740;45796187;0
2990;39418;chr8;+;17819683;17820609;17820800;17822076;0
2991;39419;chr8;+;17872349;17873209;17873340;17882869;0
2992;39429;chr1;-;53692816;53694543;53694626;53699213;0
2993;39469;chr6;-;31750963;31751990;31752085;31752170;0
2994;3947;chr21;+;45720073;45726563;45726637;45730888;0
2995;39472;chr8;-;99055003;99057170;99057316;99057574;0
2996;39479;chr12;+;69050229;69050880;69050997;69053059;0
2997;3949;chr21;+;45733565;45733795;45733904;45736126;0
2998;39490;chr12;+;69048032;69050085;69050229;69050880;0
2999;39518;chr12;-;57927086;57927735;57927880;57928074;0
3000;39519;chr12;-;57928937;57929266;57929328;57929531;0
3001;39544;chr14;-;34985792;34993902;34994013;34998563;0
3002;39567;chr16;-;19516414;19518976;19519101;19522160;0
3003;39568;chr16;-;19516414;19519008;19519101;19522160;0
3004;39576;chr5;-;36207367;36211945;36212024;36217849;0
3005;39594;chr16;+;5092968;5125388;5125537;5127445;0
3006;39595;chr16;+;5128879;5129064;5129103;5129748;0
3007;39597;chr16;+;5132674;5133682;5133758;5134750;0
3008;39605;chr1;+;59978111;60019795;60019899;60073474;0
3009;39622;chr11;-;17096744;17097000;17097170;17098714;0
3010;39668;chr17;-;40129341;40133872;40134025;40135580;0
3011;39669;chr17;-;40146962;40148328;40148442;40149132;0
3012;39670;chr17;-;40142400;40146887;40146962;40148328;0
3013;39674;chr17;-;40134025;40134272;40134419;40135580;0
3014;39682;chr4;-;8417726;8418104;8418262;8430077;0
3015;39783;chr7;-;76990218;76991899;76991977;77003386;0
3016;39785;chr7;-;76943806;76946872;76947061;76950041;0
3017;39813;chr11;+;73556021;73570951;73571054;73574216;0
3018;39815;chr11;+;73519395;73536752;73536841;73555851;0
3019;39824;chr11;+;73536841;73555851;73556021;73570951;0
3020;39833;chr1;-;33480195;33486967;33487062;33487193;0
3021;39841;chrX;+;118602589;118603623;118604110;118604335;0
3022;39849;chr19;+;3574584;3576258;3576305;3576550;0
3023;3988;chr16;+;81737690;81739103;81739209;81740618;0
3024;3991;chr16;+;81641297;81654480;81654531;81685807;0
3025;3992;chr16;+;81694551;81697873;81697954;81703746;0
3026;39935;chr12;+;32113805;32123122;32123290;32133811;0
3027;4;chr2;+;238004527;238005464;238005512;238006305;0
3028;40002;chr17;+;45669911;45673718;45673828;45677041;0
3029;40003;chr17;+;45668247;45669321;45669426;45669850;0
3030;40004;chr17;+;45669911;45677041;45677105;45678973;0
3031;40012;chr17;+;45663066;45663513;45663610;45663730;0
3032;40038;chr7;+;23221825;23224688;23224917;23226670;0
3033;40049;chrX;+;208321;209701;209885;215763;0
3034;40052;chrX;+;207443;208165;208321;209701;0
3035;40058;chr15;+;79185969;79186399;79186572;79187161;0
3036;40091;chr4;-;71698167;71698834;71698990;71701874;0
3037;40092;chr4;-;71686578;71690010;71690085;71691012;0
3038;40097;chr8;+;37597964;37599289;37599336;37601872;0
3039;4010;chr3;+;191098721;191100534;191100614;191107284;0
3040;40100;chr17;-;4579179;4579330;4579457;4579651;0
3041;40103;chr11;+;67049423;67049741;67049836;67049905;0
3042;40105;chr11;+;67050699;67051177;67051244;67051324;0
3043;40118;chr4;+;42069209;42072542;42072708;42077673;0
3044;4012;chr2;+;63816180;63824532;63824708;63826303;0
3045;4013;chr2;+;63821720;63824532;63824708;63826303;0
3046;40147;chr3;+;98507307;98510684;98510837;98512518;0
3047;4015;chr2;+;63816180;63826303;63826426;63831829;0
3048;4016;chr2;+;63821720;63826303;63826426;63831829;0
3049;4019;chr2;+;63816180;63821621;63821720;63831829;0
3050;4020;chr2;+;63816180;63821621;63821720;63826303;0
3051;40204;chr9;-;95050564;95051582;95051708;95055892;0
3052;4021;chr2;+;63816180;63821621;63821720;63824532;0
3053;4022;chr16;+;75138787;75140379;75140469;75141630;0
3054;40267;chr17;-;74036555;74036983;74037059;74039909;0
3055;40269;chr17;-;74057300;74057572;74057655;74060056;0
3056;40271;chr17;-;74037059;74039909;74040039;74041372;0
3057;4031;chr11;-;71152486;71153308;71153399;71155038;0
3058;40338;chr5;-;173036437;173040133;173040258;173043202;0
3059;40340;chr5;-;173036437;173036580;173036673;173040133;0
3060;40346;chr12;-;117494691;117513075;117513145;117537029;0
3061;40351;chr11;+;87013484;87016977;87017047;87020546;0
3062;40361;chr10;-;75206334;75214169;75214247;75227310;0
3063;40367;chr2;-;21236405;21237319;21237465;21237944;0
3064;40369;chr2;-;21227324;21227432;21227547;21227951;0
3065;40370;chr2;-;21260127;21260829;21260983;21263809;0
3066;40371;chr2;-;21246564;21247804;21247996;21249659;0
3067;40372;chr2;-;21238417;21239310;21239521;21241863;0
3068;40373;chr2;-;21256390;21257687;21257773;21258455;0
3069;40375;chr2;-;21235523;21236031;21236405;21237319;0
3070;4038;chr19;+;45449332;45451722;45451790;45451957;0
3071;4040;chr9;-;34614765;34616026;34616110;34617881;0
3072;40401;chr14;+;71880731;71884846;71884913;71979459;0
3073;4041;chr9;+;96420518;96421792;96421882;96422473;0
3074;40426;chr19;+;4168454;4170136;4170205;4171087;0
3075;40439;chr3;+;37903769;37988547;37988702;38006061;0
3076;40443;chr16;+;47682527;47683010;47683115;47684454;0
3077;40449;chr16;+;47627468;47628047;47628125;47630283;0
3078;40489;chr14;+;75367075;75367768;75367936;75368898;0
3079;40505;chrX;+;152018967;152027313;152027460;152031139;0
3080;40521;chrX;+;17755800;17764134;17764218;17767519;0
3081;40525;chrX;+;17755800;17764137;17764218;17767519;0
3082;40528;chr12;-;53708924;53709118;53709210;53709510;0
3083;40536;chr19;+;19627141;19636990;19637069;19638089;0
3084;40553;chr7;+;107224427;107234399;107234550;107236311;0
3085;40557;chr7;+;107236447;107240628;107240747;107240841;0
3086;40574;chr5;-;175387135;175388053;175388154;175388275;0
3087;40589;chr22;+;18644702;18650021;18650101;18650656;0
3088;40615;chr14;+;23299149;23299261;23299319;23299395;0
3089;40618;chr14;+;23299149;23299258;23299319;23299395;0
3090;40633;chr9;+;134330553;134334550;134334743;134340149;0
3091;40644;chr9;+;134354006;134354638;134354780;134357112;0
3092;40648;chr2;-;188349714;188353063;188353102;188361607;0
3093;40663;chr2;-;188368497;188394090;188394212;188414186;0
3094;40680;chr6;+;167705064;167708004;167708186;167709519;0
3095;40727;chr8;+;11679387;11683587;11683724;11687752;0
3096;40728;chr8;+;11683724;11687752;11687929;11689026;0
3097;40733;chr8;+;11679387;11683532;11683724;11687752;0
3098;40734;chr8;+;11667359;11683532;11683724;11687752;0
3099;40765;chr19;+;50000852;50001173;50001303;50002768;0
3100;40769;chr19;+;49999728;50000450;50000582;50000776;0
3101;40814;chr17;+;79953424;79953867;79953941;79966912;0
3102;40816;chr17;+;79968744;79969418;79969481;79970106;0
3103;40824;chr17;+;79953941;79954295;79954722;79966912;0
3104;40827;chr17;+;79967443;79968677;79968744;79969418;0
3105;40828;chr17;+;79967443;79968677;79968744;79970106;0
3106;40832;chr7;-;1195220;1197291;1197386;1197793;0
3107;40833;chr7;-;1191980;1192708;1192860;1195088;0
3108;40840;chr9;-;107645438;107646707;107646849;107651382;0
3109;40847;chr9;-;107546736;107547676;107547920;107548578;0
3110;40849;chr9;-;107550335;107550706;107550848;107553202;0
3111;40874;chr5;+;68467279;68470077;68470236;68470703;0
3112;40875;chr5;+;68470940;68471223;68471364;68473065;0
3113;4088;chr1;-;176133027;176145045;176145143;176153768;0
3114;40942;chr1;-;12628453;12632755;12632881;12638745;0
3115;40954;chr11;+;75112777;75113347;75113490;75115063;0
3116;40957;chr11;+;75111868;75112683;75112777;75115063;0
3117;40959;chr11;+;75113490;75115063;75115251;75115715;0
3118;40960;chr11;+;75110621;75115063;75115251;75115715;0
3119;40962;chr11;+;75112777;75113395;75113490;75115063;0
3120;40977;chr2;+;223791960;223793579;223793654;223795338;0
3121;40978;chr2;+;223791907;223793579;223793654;223795338;0
3122;40979;chr2;+;223789313;223793579;223793654;223795338;0
3123;40981;chr2;+;223725976;223752547;223752606;223773450;0
3124;40982;chr2;+;223789313;223791734;223791907;223793579;0
3125;40983;chr2;+;223789313;223791734;223791907;223795338;0
3126;40984;chr2;+;223752606;223773450;223773868;223781036;0
3127;40987;chr2;+;223783920;223785997;223786148;223787425;0
3128;41014;chr1;+;207925654;207930358;207930547;207930884;0
3129;41022;chr1;+;207940540;207956636;207956675;207958415;0
3130;41036;chr20;+;47850246;47851471;47851625;47852686;0
3131;41051;chr1;-;46661749;46662402;46662521;46662641;0
3132;41053;chr1;-;46659060;46659235;46659311;46659526;0
3133;41064;chr1;-;154558341;154558656;154558839;154560600;0
3134;41095;chr13;-;77592857;77595647;77595996;77600961;0
3135;41147;chr3;-;69072471;69073205;69073331;69074710;0
3136;412;chr17;-;34324896;34325315;34325427;34325901;0
3137;41202;chr6;+;43471444;43472325;43472405;43472498;0
3138;4121;chr16;-;47252857;47271875;47271919;47292542;0
3139;41229;chr15;-;83657909;83677299;83677427;83678988;0
3140;41267;chr14;-;20784719;20793697;20793812;20794874;0
3141;41273;chr11;-;61727376;61732840;61732987;61734783;0
3142;41274;chr11;-;61732363;61732458;61732584;61732840;0
3143;41287;chr2;-;70508816;70514396;70514503;70515199;0
3144;41288;chr2;-;70515324;70516481;70516504;70520749;0
3145;41289;chr12;+;95868106;95869849;95869954;95876990;0
3146;41290;chr12;+;95868106;95869846;95869954;95876990;0
3147;41298;chr17;-;30932259;30965739;30965853;30980860;0
3148;4130;chr4;+;2674099;2691232;2691431;2692424;0
3149;41307;chr2;-;191117033;191125881;191125960;191152311;0
3150;41309;chr2;-;191110938;191114365;191114452;191116887;0
3151;41313;chr22;-;51018231;51018402;51018511;51018618;0
3152;41355;chr6;-;159210403;159239113;159239198;159240348;0
3153;41372;chr1;+;17297262;17297959;17298142;17298854;0
3154;41378;chr1;-;173880029;173880936;173881152;173883690;0
3155;41379;chr1;-;173884057;173884155;173884324;173886356;0
3156;41388;chr1;-;201351867;201352201;201352339;201352444;0
3157;41390;chr1;-;201353963;201354828;201354933;201355462;0
3158;41404;chr20;+;39802651;39802763;39802951;39803106;0
3159;41405;chr20;+;39797815;39798096;39798166;39798751;0
3160;41406;chr20;+;39802651;39802766;39802951;39803106;0
3161;41408;chr20;+;39794191;39794278;39794466;39794833;0
3162;41414;chr20;+;39798909;39800832;39800929;39801116;0
3163;41415;chr20;+;39798909;39800832;39800929;39801060;0
3164;41418;chr7;-;56085072;56087292;56087427;56088765;0
3165;41420;chr7;-;56079562;56082715;56082864;56084926;0
3166;41422;chr7;-;56082864;56084926;56085072;56088765;0
3167;4144;chr9;+;35751751;35751952;35752142;35752647;0
3168;41461;chr17;-;45199966;45201251;45201326;45206758;0
3169;41464;chr17;-;45249430;45258927;45259003;45266511;0
3170;41465;chr17;-;45247408;45258927;45259003;45266511;0
3171;41495;chr18;+;21046240;21047362;21047490;21053392;0
3172;41500;chr4;+;144460091;144461515;144461648;144464661;0
3173;41502;chr1;+;9613863;9627341;9627419;9633403;0
3174;41503;chr1;+;9613863;9627341;9627419;9630315;0
3175;41505;chr1;+;9627419;9630315;9630416;9633403;0
3176;41506;chr1;+;9613863;9630315;9630416;9633403;0
3177;41508;chr1;+;9630416;9633403;9633470;9640011;0
3178;41563;chr19;+;18273316;18273776;18273957;18274072;0
3179;41564;chr13;-;50237331;50243912;50243982;50265389;0
3180;41586;chr11;-;3040497;3041449;3041562;3047905;0
3181;41591;chr2;-;162875360;162875732;162875786;162876738;0
3182;4160;chr17;-;79863611;79863975;79864053;79864339;0
3183;41600;chr3;+;169756831;169797561;169797685;169801692;0
3184;41623;chr2;+;178378636;178385996;178386096;178388475;0
3185;41627;chr1;+;38167490;38168923;38169019;38171112;0
3186;41629;chr1;+;38169019;38171112;38171239;38172649;0
3187;41653;chr14;-;78187171;78189523;78189620;78197330;0
3188;4167;chr17;-;79864774;79865429;79865474;79865648;0
3189;41675;chr19;-;1090144;1090906;1090987;1091790;0
3190;4168;chr17;-;79863323;79863545;79863611;79863975;0
3191;41680;chr16;+;15116611;15120499;15120563;15122734;0
3192;41696;chr15;+;25245521;25246504;25246860;25264173;0
3193;41737;chr17;-;40498731;40500406;40500538;40540296;0
3194;41743;chr17;-;40497675;40498586;40498731;40500406;0
3195;41776;chr1;-;247006078;247007096;247007230;247012916;0
3196;41788;chr17;+;57842499;57851114;57851246;57886156;0
3197;41790;chr17;+;57889147;57895072;57895134;57915655;0
3198;41797;chr17;+;57785109;57808781;57808883;57812698;0
3199;41799;chr17;+;57886237;57889030;57889147;57895072;0
3200;41823;chr9;+;131455260;131455916;131456087;131456174;0
3201;41828;chr12;-;57009391;57011178;57011316;57023908;0
3202;41838;chr10;+;35819171;35841946;35842113;35854950;0
3203;41845;chr10;+;35814927;35818900;35818958;35819051;0
3204;41846;chr10;+;35805551;35818900;35818958;35819051;0
3205;41861;chr1;+;111703918;111709727;111709812;111717500;0
3206;41872;chr12;-;56607854;56610212;56610397;56615543;0
3207;41891;chr20;-;43249788;43251228;43251293;43251469;0
3208;41894;chr6;+;131894479;131897802;131897875;131900250;0
3209;4190;chr8;+;22422867;22423857;22423997;22424173;0
3210;4191;chr8;+;22423385;22423857;22423997;22424173;0
3211;41929;chr20;-;31981872;31984566;31984890;31989233;0
3212;41944;chr16;+;87426073;87432420;87432476;87435780;0
3213;41957;chr17;-;66423394;66424969;66425077;66429608;0
3214;41958;chr17;-;66425077;66426136;66426301;66429608;0
3215;41959;chr17;-;66429716;66430696;66430767;66431760;0
3216;41961;chr17;-;66440730;66446868;66447038;66449050;0
3217;41968;chr20;-;22545754;22547320;22547443;22548431;0
3218;41974;chr11;-;77336115;77336761;77336863;77340807;0
3219;41975;chr11;-;77336863;77340807;77340944;77348634;0
3220;41976;chr11;-;77330740;77333544;77333718;77336007;0
3221;41977;chr11;-;77333718;77336007;77336115;77340807;0
3222;42004;chr6;+;142729406;142731010;142731056;142732441;0
3223;42006;chr6;+;142723967;142724938;142725110;142726824;0
3224;42010;chr6;+;142721733;142723130;142723195;142723756;0
3225;42013;chrX;-;23724856;23725993;23726061;23731251;0
3226;42020;chr2;-;128029029;128030440;128030537;128036748;0
3227;42028;chr5;+;132403249;132406065;132406188;132408921;0
3228;42029;chr5;+;132425387;132426884;132427066;132428391;0
3229;42043;chr12;-;121746494;121756079;121756227;121756303;0
3230;42044;chr12;-;121746494;121747503;121747666;121756079;0
3231;4205;chr12;-;122758709;122762700;122762750;122763338;0
3232;42058;chr12;-;57058282;57058559;57058584;57059987;0
3233;42061;chr12;-;57066849;57080652;57080701;57081781;0
3234;42084;chr13;+;43597870;43639821;43639873;43643065;0
3235;42096;chr1;-;241669468;241671902;241672085;241675266;0
3236;42152;chr1;+;171548605;171548966;171549103;171553094;0
3237;42160;chr3;-;149243912;149245622;149245756;149260121;0
3238;42161;chr21;-;27347541;27348266;27348341;27354656;0
3239;42178;chr6;+;144852338;144854220;144854396;144858717;0
3240;42179;chr6;+;144613043;144724258;144724320;144743013;0
3241;42186;chr6;+;145119126;145124171;145124283;145142017;0
3242;42206;chr15;+;83655121;83656087;83656136;83657761;0
3243;42207;chr15;+;83656136;83657761;83657940;83658632;0
3244;42227;chr15;-;65622735;65622887;65623079;65623387;0
3245;42230;chr15;+;34517401;34517736;34517851;34519893;0
3246;42234;chr15;+;34517401;34517736;34517859;34519893;0
3247;42236;chr15;+;34517859;34519893;34520047;34520629;0
3248;42252;chr20;+;3891477;3893104;3893281;3897573;0
3249;42257;chr20;-;34260766;34261522;34261606;34262271;0
3250;42259;chr17;+;29679432;29683477;29683600;29683977;0
3251;4226;chr11;+;102221480;102221574;102221674;102233626;0
3252;42326;chr5;+;115177803;115202366;115202458;115205713;0
3253;42327;chr5;+;115177803;115202366;115202458;115230783;0
3254;42328;chr5;+;115230855;115234345;115234486;115238581;0
3255;42329;chr5;+;115205825;115230783;115230855;115238581;0
3256;42330;chr5;+;115205825;115230783;115230855;115249058;0
3257;42331;chr5;+;115238689;115247785;115247833;115249058;0
3258;42333;chr5;+;115230855;115238581;115238689;115249058;0
3259;42334;chr5;+;115205825;115238581;115238689;115249058;0
3260;42344;chr8;-;54975935;54978307;54978373;55013467;0
3261;42346;chr8;-;54965316;54967619;54967693;54974813;0
3262;4236;chrX;-;128947701;128948633;128948771;128957654;0
3263;42373;chr10;+;88856746;88911106;88912636;88917804;0
3264;42404;chr8;+;22449181;22451245;22451345;22458394;0
3265;42418;chr2;-;171913076;171914660;171914707;171917590;0
3266;42420;chr2;-;171939362;171974248;171974367;172016799;0
3267;42460;chr12;-;57499382;57499973;57500122;57500310;0
3268;42490;chr20;-;35294795;35299743;35299800;35309218;0
3269;42508;chr6;-;33269548;33271731;33271766;33271904;0
3270;4251;chr10;-;103372234;103384501;103384567;103427642;0
3271;4253;chr7;-;66456288;66458203;66458404;66459198;0
3272;42574;chr16;-;75429107;75445722;75445850;75446432;0
3273;42578;chr16;-;75446652;75448475;75448593;75467186;0
3274;42593;chr1;-;115269007;115269603;115269711;115272878;0
3275;42597;chr1;-;115261366;115262199;115262363;115263159;0
3276;42600;chr1;-;115280693;115282312;115282511;115292441;0
3277;42601;chr1;-;115280693;115282312;115282511;115300545;0
3278;42623;chrX;+;51641289;51641380;51641423;51641676;0
3279;42625;chrX;+;51636851;51637364;51637445;51638148;0
3280;42628;chrX;+;51641423;51641676;51641739;51643277;0
3281;42656;chr17;+;18759789;18762652;18762788;18768781;0
3282;42661;chr12;-;133304749;133306264;133306856;133310970;0
3283;42664;chr12;-;133324917;133327228;133327435;133331260;0
3284;42681;chr3;-;50327725;50327818;50327903;50327990;0
3285;42685;chr3;-;50326368;50326685;50326791;50326877;0
3286;42699;chr1;+;46769492;46774772;46774799;46782223;0
3287;42701;chr1;+;46769492;46775826;46775988;46782223;0
3288;42702;chr1;+;46774799;46775826;46775988;46782223;0
3289;42705;chr1;-;40775989;40776385;40776439;40776764;0
3290;42753;chr17;+;1792145;1795126;1795234;1798302;0
3291;42754;chr17;+;1787238;1791968;1792145;1795126;0
3292;42755;chr17;+;1756483;1775727;1775820;1778954;0
3293;42756;chr9;-;134504641;134505622;134505711;134514021;0
3294;42776;chr15;-;90380954;90414706;90414778;90431752;0
3295;42804;chr16;-;66946043;66946144;66946333;66946406;0
3296;42811;chr17;-;8281010;8283113;8283254;8285460;0
3297;42829;chr3;-;52685826;52692214;52692331;52696148;0
3298;42843;chrX;-;2139270;2161063;2161271;2184780;0
3299;42883;chr17;-;33466333;33466867;33467085;33468997;0
3300;42885;chr11;+;69456279;69457798;69458014;69458599;0
3301;42918;chr9;+;117350200;117354831;117354932;117359849;0
3302;42937;chr17;-;35580522;35581912;35582026;35583259;0
3303;42945;chrX;+;153997585;153999033;153999154;154001405;0
3304;4297;chr2;+;191535185;191537826;191537878;191548463;0
3305;42972;chr3;-;52730056;52730249;52730334;52730557;0
3306;42982;chr9;+;134077104;134090598;134090755;134098164;0
3307;42984;chr9;+;134074402;134077033;134077104;134090598;0
3308;43;chr11;-;9173989;9182259;9182412;9187382;0
3309;43007;chr20;+;48562787;48565784;48565892;48568612;0
3310;43008;chr20;+;48553089;48558097;48558248;48561918;0
3311;43013;chr5;+;122161888;122163073;122163154;122163269;0
3312;43014;chr5;+;122131078;122135386;122135550;122137563;0
3313;43044;chr11;+;66039723;66039835;66039931;66043274;0
3314;43084;chr2;+;241814621;241815351;241815421;241816953;0
3315;4309;chr2;-;10747437;10784445;10784498;10794606;0
3316;43120;chr19;+;34699956;34706028;34706205;34706500;0
3317;43122;chr19;+;34685546;34687538;34687668;34699833;0
3318;43130;chr3;+;150286079;150289744;150290316;150293435;0
3319;43131;chr3;+;150276249;150280328;150280447;150281301;0
3320;43133;chr3;+;150276249;150280343;150280447;150281301;0
3321;43135;chr3;+;150290316;150293435;150293549;150299404;0
3322;43146;chr9;-;19378512;19378705;19378916;19379484;0
3323;43160;chr10;+;102709964;102710432;102710510;102716207;0
3324;43278;chr1;-;173833442;173833621;173833644;173833812;0
3325;43281;chr1;-;173835032;173835314;173835344;173835665;0
3326;43284;chr1;-;173833442;173833812;173833842;173834366;0
3327;43288;chr1;-;173833842;173834366;173834420;173834647;0
3328;43289;chr1;-;173833842;173834366;173834420;173834608;0
3329;43291;chr1;-;173833442;173834366;173834420;173834608;0
3330;43308;chr2;+;217341932;217342925;217343022;217347460;0
3331;43310;chr2;+;217281030;217285021;217285255;217288355;0
3332;43340;chr16;+;20803657;20807691;20807811;20808207;0
3333;43341;chr16;+;20802010;20807691;20807811;20808207;0
3334;43353;chr12;-;9260240;9261916;9262001;9262462;0
3335;43355;chr12;-;9231927;9232234;9232411;9232689;0
3336;43360;chr12;-;9262631;9262909;9262930;9264754;0
3337;43361;chr12;-;9229532;9229941;9230016;9230296;0
3338;43366;chr12;-;9251352;9251976;9252119;9253739;0
3339;43370;chr12;-;9232773;9241795;9241847;9242497;0
3340;4338;chr19;-;57334204;57334957;57335047;57335629;0
3341;43436;chr11;+;64000086;64000175;64000337;64001365;0
3342;4344;chr19;-;57334204;57334960;57335047;57335629;0
3343;43468;chr2;-;100065966;100067806;100067963;100078957;0
3344;43474;chr16;-;2822103;2825451;2825557;2826993;0
3345;43493;chr10;-;51994312;51995647;51995824;52002961;0
3346;43518;chr10;-;120934104;120936532;120936665;120938266;0
3347;43520;chr10;-;120928045;120928688;120928854;120931893;0
3348;43521;chr10;-;120928045;120928688;120928825;120931893;0
3349;43530;chr10;-;97440366;97442407;97442561;97442857;0
3350;43557;chr14;+;74495952;74500730;74500874;74507267;0
3351;43573;chr10;+;27793366;27798803;27798859;27815756;0
3352;4358;chr19;-;57335795;57341150;57341289;57347385;0
3353;43612;chr9;-;14674383;14677295;14677402;14680030;0
3354;43654;chr17;+;34942628;34943426;34943675;34945637;0
3355;43661;chr21;+;38522470;38523119;38523184;38524192;0
3356;43665;chr21;+;38568337;38569870;38569997;38570182;0
3357;43666;chr21;+;38524329;38525250;38525577;38528956;0
3358;43667;chr21;+;38563725;38564412;38564514;38567975;0
3359;43669;chr21;+;38516945;38519780;38519903;38522377;0
3360;43677;chr21;+;38569997;38570182;38570326;38572532;0
3361;43700;chrX;+;115578047;115582606;115582835;115584181;0
3362;43703;chr1;+;54675804;54678173;54678331;54681813;0
3363;43705;chr1;+;54671083;54675618;54675804;54678173;0
3364;43726;chr10;+;94071094;94100429;94100560;94109105;0
3365;43767;chr16;+;29814258;29814769;29814929;29815318;0
3366;43794;chr1;-;151732657;151733291;151733375;151733926;0
3367;43797;chr9;+;117086085;117086297;117086368;117087069;0
3368;4380;chr12;-;58163739;58164876;58165040;58165756;0
3369;43815;chr17;+;57721844;57724758;57725027;57725600;0
3370;43816;chr17;+;57761346;57762416;57762587;57762947;0
3371;43817;chr17;+;57725762;57728563;57728677;57733214;0
3372;43818;chr17;+;57728677;57733214;57733388;57737751;0
3373;43834;chr5;+;74639789;74640069;74640157;74641398;0
3374;43854;chr1;-;19633595;19633807;19633904;19634651;0
3375;43856;chr1;-;19633904;19634651;19634756;19634948;0
3376;4386;chr19;+;1052285;1053327;1053530;1053786;0
3377;43864;chr6;+;35436216;35436575;35436650;35436723;0
3378;43865;chr6;+;35436650;35436723;35436804;35437157;0
3379;43894;chr13;-;37567809;37569125;37569172;37569561;0
3380;4390;chr19;+;1057428;1057913;1058058;1058144;0
3381;43921;chr9;-;123291075;123292255;123292418;123298649;0
3382;43924;chr2;-;69642431;69646669;69646736;69659033;0
3383;43965;chr7;+;127361454;127447537;127447627;127484376;0
3384;43966;chr7;+;127727103;127729540;127729744;127731888;0
3385;43967;chr7;+;127569382;127630999;127631109;127714553;0
3386;43968;chr7;+;127347701;127361340;127361454;127447537;0
3387;43970;chr7;+;127447627;127484376;127484477;127527954;0
3388;43983;chr12;+;56630530;56630714;56630795;56630933;0
3389;43984;chr12;+;56626656;56630179;56630276;56630365;0
3390;43988;chr12;+;56626656;56628607;56628770;56629343;0
3391;43989;chr12;+;56630795;56630933;56631124;56631371;0
3392;43990;chr12;+;56625345;56626472;56626656;56629343;0
3393;44007;chr17;-;41607044;41607251;41607320;41607474;0
3394;44009;chr17;-;41610716;41611226;41611353;41613793;0
3395;44020;chr17;-;73824167;73824867;73825064;73826108;0
3396;44027;chr20;-;2641011;2641102;2641236;2641342;0
3397;44033;chr20;-;2640439;2640675;2640822;2640908;0
3398;44036;chr20;-;2640231;2640344;2640439;2640908;0
3399;4404;chr7;+;65554682;65556992;65557073;65557543;0
3400;4406;chr7;+;65541080;65546789;65546984;65547354;0
3401;44080;chr1;+;201924680;201926408;201926508;201926638;0
3402;44084;chr11;-;66052437;66053171;66053229;66055068;0
3403;44085;chr11;-;66053007;66053171;66053229;66055068;0
3404;4409;chr2;+;10263024;10263109;10263184;10263513;0
3405;44091;chr11;-;66055387;66055551;66055763;66056425;0
3406;44092;chr11;-;66055147;66055551;66055763;66056425;0
3407;44099;chr14;-;21929462;21930508;21930577;21931814;0
3408;44100;chr14;-;21936911;21943025;21943093;21944686;0
3409;44113;chr15;-;23012439;23014437;23014528;23021197;0
3410;44114;chr3;+;52818493;52819059;52819245;52820310;0
3411;44155;chr10;-;59959082;59975905;59976078;59986803;0
3412;44176;chr2;-;74383772;74386217;74386381;74392344;0
3413;44180;chr14;+;104038157;104040443;104040507;104045707;0
3414;44200;chr19;+;33687683;33693753;33693892;33695543;0
3415;44217;chr15;+;41535937;41549107;41549188;41554953;0
3416;44225;chr20;-;34218412;34218662;34218717;34218822;0
3417;44229;chr20;-;34214774;34215201;34215335;34218360;0
3418;4423;chr17;-;79244824;79246315;79246427;79249768;0
3419;44230;chr20;-;34214725;34215201;34215335;34218360;0
3420;44235;chr20;-;34214725;34218360;34218412;34218662;0
3421;44279;chr7;+;107204654;107205032;107205121;107207494;0
3422;4428;chrX;-;99887565;99888401;99888536;99888927;0
3423;44283;chr1;-;1159348;1163847;1164326;1167271;0
3424;44308;chr11;+;46742390;46744729;46744835;46744931;0
3425;44310;chr11;+;46741412;46742072;46742097;46742339;0
3426;44311;chr11;+;46742390;46744931;46745068;46747408;0
3427;4432;chr2;-;160628564;160634448;160634475;160636515;0
3428;44320;chr11;+;86013520;86014398;86014572;86017286;0
3429;44325;chr1;-;92200516;92224169;92224307;92262843;0
3430;44326;chr1;-;92224307;92262843;92263028;92327027;0
3431;44329;chr1;-;92161336;92163645;92163687;92174219;0
3432;44347;chr14;+;59798638;59806791;59806898;59814256;0
3433;44358;chr2;+;42797644;42806246;42806340;42836597;0
3434;44363;chr2;+;42836724;42867312;42867376;42871266;0
3435;44366;chr2;+;42722394;42797576;42797644;42806246;0
3436;44373;chr6;+;33173689;33173910;33173953;33174151;0
3437;44410;chr1;-;19557457;19557754;19557916;19559117;0
3438;44411;chr1;-;19546192;19547257;19547342;19549117;0
3439;44417;chr1;-;19557916;19559117;19559267;19559429;0
3440;44419;chr1;-;19570509;19571399;19571524;19577908;0
3441;44432;chr16;+;22270016;22271782;22271850;22274430;0
3442;44448;chr2;+;219266938;219267071;219267128;219267757;0
3443;44455;chr1;+;155701206;155701734;155701824;155706736;0
3444;44457;chr1;+;155699157;155701146;155701206;155706736;0
3445;44459;chr1;+;155658965;155679563;155679615;155691307;0
3446;44460;chr1;+;155659034;155679563;155679615;155691307;0
3447;44465;chr1;+;155701824;155706736;155706854;155707947;0
3448;44468;chr1;+;155697529;155698832;155698913;155698998;0
3449;44481;chr19;+;49994121;49994296;49994356;49994681;0
3450;44489;chr8;-;62430682;62438535;62438671;62460629;0
3451;44493;chr8;-;62489417;62496502;62496588;62531536;0
3452;44496;chr8;-;62496588;62531536;62531578;62546241;0
3453;44497;chr8;-;62496588;62531536;62531578;62550505;0
3454;44500;chr8;-;62538839;62546241;62546286;62550505;0
3455;44501;chr8;-;62496588;62546241;62546286;62550505;0
3456;44514;chr1;+;207500182;207504452;207504641;207510037;0
3457;44521;chr20;+;42159059;42159437;42159529;42161412;0
3458;44529;chr1;-;22032680;22032959;22033082;22033236;0
3459;44537;chr15;+;45965999;45968298;45968508;45974675;0
3460;44582;chr16;-;23481486;23486224;23486382;23489688;0
3461;44592;chr17;+;43213320;43213474;43213599;43213866;0
3462;44607;chr14;+;24626847;24627106;24627220;24627350;0
3463;44621;chr17;-;54981849;54985828;54985924;54990752;0
3464;44696;chr2;+;207639121;207651456;207651623;207652660;0
3465;44701;chr5;-;132097318;132097491;132097588;132098175;0
3466;44703;chr2;+;220363660;220364677;220364737;220364842;0
3467;44704;chr2;+;220363660;220364682;220364737;220364842;0
3468;44706;chr2;+;220370277;220370436;220370483;220370701;0
3469;44708;chr2;+;220363660;220364842;220364940;220366197;0
3470;44716;chr14;-;65406556;65408034;65408244;65409222;0
3471;44720;chrX;-;20206652;20211604;20211711;20212306;0
3472;44724;chrX;-;20222221;20252875;20252932;20284681;0
3473;44725;chrX;-;20213263;20222139;20222221;20227405;0
3474;44728;chrX;-;20222221;20227405;20227522;20252875;0
3475;44729;chrX;-;20222221;20227405;20227522;20284681;0
3476;44730;chrX;-;20212386;20213182;20213263;20222139;0
3477;44743;chr17;-;5009828;5012220;5012347;5012688;0
3478;44842;chr2;-;216296687;216298046;216298184;216299418;0
3479;44843;chr2;-;216229708;216230227;216230353;216235016;0
3480;44856;chr2;-;216274462;216274656;216274837;216279559;0
3481;44860;chr2;-;216226349;216229601;216229708;216230227;0
3482;44862;chr2;-;216295575;216296555;216296687;216299418;0
3483;44865;chr2;-;216244040;216246934;216247048;216248050;0
3484;44866;chr2;-;216245803;216246934;216247048;216248050;0
3485;44867;chr2;-;216226349;216226691;216226802;216229601;0
3486;44868;chr2;-;216290008;216292902;216293061;216295437;0
3487;44875;chr2;-;216253024;216256354;216256537;216259250;0
3488;44879;chr2;-;216238134;216239936;216240116;216240351;0
3489;44881;chr10;+;116710908;116719484;116719566;116730126;0
3490;44893;chr14;-;73759582;73763918;73763993;73789837;0
3491;44895;chr14;-;73754022;73759441;73759582;73763918;0
3492;44929;chr16;+;67911559;67911643;67911748;67912068;0
3493;44959;chr1;-;160210160;160213749;160213824;160231074;0
3494;44960;chr1;-;160210160;160213749;160213824;160232238;0
3495;44961;chr1;-;160210160;160213749;160213824;160231906;0
3496;44962;chr11;+;134095239;134104790;134104947;134109884;0
3497;44970;chr14;+;59953522;59954391;59954546;59961735;0
3498;44976;chr14;+;59951311;59953430;59953522;59954391;0
3499;44995;chr20;+;17950773;17968808;17968941;17970581;0
3500;44999;chr20;+;17951013;17953349;17953394;17956326;0
3501;45008;chr1;-;24143260;24143965;24144073;24146999;0
3502;45013;chr1;-;24144073;24146999;24147083;24151845;0
3503;45036;chr7;-;137565297;137567157;137567374;137569740;0
3504;45060;chr14;-;21490341;21490550;21490656;21491399;0
3505;45065;chr17;+;46930374;46933453;46933549;46937675;0
3506;45071;chr17;+;46933549;46937675;46937811;46939637;0
3507;45095;chr17;-;80008431;80008537;80008640;80009169;0
3508;4511;chr3;-;71037228;71050122;71050210;71064699;0
3509;45118;chr6;+;13584457;13585218;13585359;13588562;0
3510;45136;chr3;+;49751020;49751170;49751258;49751342;0
3511;45138;chr3;+;49728680;49728857;49728942;49734575;0
3512;45153;chr2;+;26321591;26332636;26332775;26350012;0
3513;4519;chr2;-;97514181;97519137;97519341;97520074;0
3514;45230;chr1;-;33798005;33799690;33799893;33815197;0
3515;45269;chr20;-;17923051;17923753;17923839;17928129;0
3516;45272;chr20;-;17932239;17933230;17933354;17937576;0
3517;45273;chr20;-;17932239;17933230;17933354;17934639;0
3518;45274;chr20;-;17932239;17933230;17933354;17936008;0
3519;45288;chr20;-;17930851;17930934;17931040;17932143;0
3520;45294;chr20;-;17933354;17934639;17934761;17936008;0
3521;45295;chr20;-;17933354;17934639;17934761;17937576;0
3522;45297;chr20;-;17934761;17936008;17936119;17949017;0
3523;45298;chr20;-;17932239;17936008;17936119;17937576;0
3524;45299;chr20;-;17933354;17936008;17936119;17937576;0
3525;45300;chr20;-;17934875;17936008;17936119;17937576;0
3526;45301;chr20;-;17934867;17936008;17936119;17937576;0
3527;45307;chr20;-;17923051;17928129;17928289;17929533;0
3528;45311;chr20;-;17936119;17937576;17937681;17949017;0
3529;45312;chr20;-;17934761;17937576;17937681;17949017;0
3530;45363;chr16;+;68208417;68215377;68215433;68217142;0
3531;45399;chr10;+;70098444;70098896;70098983;70099196;0
3532;45405;chr6;-;79911443;79911992;79912106;79913296;0
3533;45408;chr6;-;79911443;79912033;79912106;79913296;0
3534;45409;chr6;-;79911443;79911772;79911872;79911992;0
3535;45410;chr6;-;79911443;79911785;79911872;79911992;0
3536;45412;chr16;-;87936126;87938391;87938510;87960353;0
3537;45414;chr16;-;87925560;87935517;87935580;87936030;0
3538;45417;chr16;-;87935580;87936030;87936126;87960353;0
3539;45430;chr14;-;67817407;67819639;67819757;67826374;0
3540;4544;chr13;-;41556418;41588294;41588485;41593363;0
3541;4547;chr7;+;116417523;116418829;116419011;116422041;0
3542;45477;chr20;+;13098372;13107237;13107364;13134649;0
3543;45478;chr20;+;13090864;13107237;13107364;13134649;0
3544;45482;chr20;+;13098372;13134649;13134785;13140649;0
3545;45512;chr6;-;108246136;108250618;108250718;108279089;0
3546;4554;chr20;+;35234468;35236117;35236221;35238003;0
3547;45553;chr4;-;100130085;100131571;100131659;100134762;0
3548;45566;chr6;-;7295718;7298155;7298234;7298979;0
3549;45567;chr6;-;7290164;7295624;7295718;7298155;0
3550;45570;chr6;-;7301805;7303782;7303870;7310149;0
3551;45580;chr11;+;71191925;71192401;71192450;71192968;0
3552;45591;chr2;-;39971618;39982434;39982549;39983028;0
3553;45594;chr2;-;39971618;39978232;39978330;39982434;0
3554;45602;chr19;+;15796007;15806970;15807035;15807239;0
3555;45610;chr20;+;47692057;47693516;47693601;47695097;0
3556;45611;chr20;+;47693601;47695097;47695159;47700562;0
3557;45612;chr20;+;47700699;47701819;47701923;47704545;0
3558;45617;chr20;+;47707559;47708582;47708664;47710676;0
3559;45618;chr20;+;47662960;47674989;47675085;47679738;0
3560;45621;chr20;+;47701923;47704545;47704643;47705783;0
3561;45625;chr8;+;22273793;22275163;22275348;22277064;0
3562;45639;chr8;+;145065972;145066045;145066246;145066412;0
3563;45674;chr11;+;66360771;66361112;66361185;66366586;0
3564;45676;chr2;+;128177588;128178893;128179025;128180492;0
3565;45677;chr2;+;128176068;128178893;128179025;128180492;0
3566;45678;chr2;+;128183803;128184680;128184798;128185932;0
3567;45685;chr2;+;128176084;128177381;128177588;128178858;0
3568;45690;chr2;+;128177588;128178858;128179025;128180492;0
3569;45691;chr2;+;128176068;128178858;128179025;128180492;0
3570;45695;chr2;+;128176084;128177497;128177588;128178858;0
3571;45698;chr2;+;128176068;128177501;128177588;128180492;0
3572;45700;chr2;+;128176068;128177501;128177588;128178893;0
3573;45701;chr2;+;128176084;128177501;128177588;128178858;0
3574;45703;chr2;+;128180984;128183660;128183803;128185932;0
3575;45705;chr2;+;128180517;128180609;128180984;128183660;0
3576;4573;chr1;-;67889960;67890570;67890642;67891845;0
3577;45764;chr15;-;69072812;69075294;69075392;69076735;0
3578;45775;chr12;-;7088741;7090165;7090344;7090755;0
3579;45777;chr12;-;7087851;7088632;7088741;7090165;0
3580;45785;chr1;-;40026794;40027356;40027459;40027744;0
3581;45787;chr1;-;40030214;40030357;40030445;40030777;0
3582;45795;chr19;-;19016438;19016675;19016744;19017768;0
3583;45796;chr19;-;19021880;19023792;19023855;19030031;0
3584;45805;chr22;-;30983382;30984007;30984161;30985177;0
3585;45806;chr2;+;216182956;216184387;216184454;216189963;0
3586;45807;chr2;+;216190861;216191544;216191701;216197104;0
3587;45808;chr2;+;216182956;216189963;216190052;216190709;0
3588;45809;chr2;+;216190052;216190709;216190861;216191544;0
3589;45835;chr5;+;112200225;112200317;112200429;112203100;0
3590;45844;chr20;-;24954373;24959402;24959518;24973229;0
3591;45845;chr20;-;24954373;24959402;24959518;24964538;0
3592;45848;chr20;-;24954373;24964538;24964655;24973229;0
3593;45849;chr20;-;24959518;24964538;24964655;24973229;0
3594;45851;chr3;-;49062702;49063756;49063852;49063951;0
3595;45852;chr3;-;49065349;49065680;49065755;49065863;0
3596;45856;chr3;-;49065965;49066190;49066239;49066685;0
3597;45860;chr16;-;1616292;1618217;1618335;1621407;0
3598;45863;chr7;-;103322708;103338299;103338540;103341356;0
3599;45864;chr7;-;103151452;103155631;103155888;103159769;0
3600;45866;chr7;-;103138699;103141191;103141369;103143462;0
3601;45892;chr20;+;35129014;35152652;35152744;35154253;0
3602;45909;chr3;+;52740719;52740808;52740895;52741702;0
3603;45911;chr14;+;58714550;58718836;58718960;58724462;0
3604;45912;chr14;+;58724716;58730422;58730488;58734191;0
3605;45913;chr14;+;58724716;58734191;58734238;58737135;0
3606;45916;chr14;+;58724716;58727686;58727738;58730422;0
3607;45917;chr14;+;58724716;58727665;58727738;58730422;0
3608;4594;chr11;+;118959417;118959791;118959841;118959926;0
3609;45940;chr20;+;18608877;18724743;18724915;18744003;0
3610;45975;chr3;-;43618753;43621844;43621964;43640023;0
3611;45984;chr22;-;26906668;26907084;26907283;26908064;0
3612;45986;chr22;-;26906668;26907084;26907119;26908064;0
3613;45995;chr1;+;10459761;10460449;10460629;10463127;0
3614;46005;chr19;-;45912983;45918118;45918218;45920078;0
3615;46007;chr19;-;45912983;45916934;45917003;45920078;0
3616;46034;chr6;+;133136227;133138098;133138200;133138618;0
3617;46035;chr6;+;133136227;133137599;133137702;133138098;0
3618;46036;chr1;+;100127955;100133197;100133322;100152231;0
3619;46039;chr17;-;38079516;38080282;38080478;38083736;0
3620;46042;chr17;-;38079516;38080282;38080473;38083736;0
3621;46067;chr6;+;41051931;41057317;41057449;41057942;0
3622;46091;chr6;-;146209236;146214350;146214529;146215285;0
3623;46141;chr11;+;17337022;17351673;17351844;17352448;0
3624;46152;chr17;+;27017247;27017938;27018081;27020713;0
3625;46203;chr16;+;1359774;1364020;1364097;1364293;0
3626;46204;chr16;+;1359774;1364020;1364097;1365654;0
3627;46208;chr16;+;1359774;1364293;1364377;1365654;0
3628;46218;chr6;-;43514489;43515052;43515190;43515344;0
3629;46221;chr6;-;43517671;43519034;43519190;43521109;0
3630;46223;chr6;-;43523701;43526237;43526328;43527914;0
3631;46224;chr6;-;43499313;43501643;43501744;43514307;0
3632;4623;chr2;+;121011307;121036193;121036354;121043449;0
3633;46238;chr1;+;28891346;28893805;28893925;28897687;0
3634;46240;chr1;+;28891346;28897687;28897850;28904011;0
3635;46242;chr2;+;190526336;190528626;190528680;190530101;0
3636;46243;chr2;+;190526336;190528626;190528680;190530147;0
3637;46246;chr17;-;80051295;80051473;80051647;80053195;0
3638;46248;chr17;-;80040290;80040402;80040554;80040789;0
3639;46253;chr16;-;29870655;29870762;29870844;29871901;0
3640;4626;chr2;+;121011307;121036190;121036354;121043449;0
3641;46261;chr7;-;47481653;47520700;47520739;47546504;0
3642;46310;chr10;+;93611093;93614785;93614883;93615370;0
3643;46343;chr19;+;49497180;49502575;49502630;49506535;0
3644;46347;chr19;+;49517860;49518277;49518407;49518828;0
3645;46349;chr19;+;49510404;49510558;49510625;49513032;0
3646;46397;chr10;-;99197032;99197456;99197507;99198426;0
3647;46401;chr1;-;94360284;94362173;94362376;94363394;0
3648;46417;chr14;-;74951290;74953031;74953139;74959895;0
3649;46418;chr14;-;74947482;74951117;74951290;74953031;0
3650;4642;chr4;-;185320233;185329311;185329429;185339320;0
3651;46420;chr6;+;158509804;158510870;158510979;158513957;0
3652;46424;chr6;+;158492826;158495611;158495770;158497657;0
3653;46429;chr17;-;26960180;26960300;26960419;26960566;0
3654;46431;chr17;-;26960769;26960912;26961104;26961534;0
3655;46432;chr17;-;26947033;26947526;26947648;26948005;0
3656;46434;chr17;-;26942264;26942681;26942816;26943113;0
3657;46435;chr17;-;26969096;26969292;26969353;26969886;0
3658;46437;chr15;+;41056414;41058024;41058119;41059423;0
3659;46455;chr16;-;18794424;18796059;18796145;18799384;0
3660;46459;chr16;-;18796145;18799384;18799464;18800302;0
3661;46497;chr2;-;61753656;61760906;61761038;61764696;0
3662;46498;chr2;-;61711240;61712902;61713097;61715299;0
3663;46507;chr2;-;61727029;61729130;61729175;61729383;0
3664;46564;chr14;-;94776343;94780372;94781004;94789603;0
3665;46571;chr11;+;118890963;118892469;118892596;118894030;0
3666;46572;chr11;+;118889680;118889852;118890027;118892469;0
3667;46578;chr3;+;183873584;183881444;183881514;183882054;0
3668;46580;chr3;+;183882719;183882900;183882994;183883209;0
3669;46599;chr2;-;122159248;122159443;122159446;122161946;0
3670;4664;chr14;-;69360464;69369193;69369279;69371371;0
3671;46642;chr14;-;68157961;68159154;68159310;68162346;0
3672;46643;chr14;-;68157961;68159154;68159310;68159650;0
3673;46646;chr14;-;68159310;68159650;68159769;68162346;0
3674;46647;chr14;-;68157961;68159650;68159769;68162346;0
3675;46648;chr14;-;68157138;68159650;68159769;68162346;0
3676;46649;chr14;-;68159563;68159650;68159769;68162346;0
3677;46655;chr14;-;68145140;68151731;68151921;68156928;0
3678;46656;chr14;-;68157138;68157856;68157961;68162346;0
3679;46657;chr14;-;68157138;68157856;68157961;68159154;0
3680;4667;chr14;-;69359000;69360371;69360464;69369193;0
3681;46698;chr18;-;44682603;44683806;44683908;44702557;0
3682;46703;chr18;+;56402561;56409096;56409246;56411569;0
3683;4671;chr14;-;69349309;69349589;69349772;69350884;0
3684;46738;chr3;-;38169357;38173086;38173129;38173416;0
3685;46740;chr3;-;38173496;38175442;38175500;38178082;0
3686;46741;chr3;-;38168191;38169276;38169357;38170780;0
3687;46742;chr3;-;38168191;38169276;38169357;38173086;0
3688;46748;chr3;-;38170879;38173416;38173496;38175442;0
3689;46775;chr8;-;145639265;145639341;145639479;145639645;0
3690;46780;chr14;+;23345581;23345897;23346027;23346184;0
3691;46785;chr2;-;136682068;136691479;136691560;136700947;0
3692;46788;chr2;-;136719068;136736843;136736936;136742972;0
3693;46789;chr2;-;136719068;136736843;136736936;136740966;0
3694;46790;chr2;-;136669063;136670055;136670136;136672038;0
3695;46793;chr2;-;136682068;136690352;136690412;136691479;0
3696;46801;chr17;+;43181244;43182226;43182364;43182986;0
3697;46811;chr12;-;63087779;63113950;63114069;63131281;0
3698;46825;chr6;+;131992467;131995301;131995421;131996219;0
3699;46833;chr14;+;102348608;102349593;102349686;102349768;0
3700;46834;chr14;+;102376027;102378737;102378810;102384167;0
3701;46836;chr14;+;102349899;102356573;102356633;102359336;0
3702;46842;chr14;+;102349686;102349768;102349899;102356573;0
3703;4685;chr9;-;131607690;131608958;131609135;131644175;0
3704;46856;chr12;-;65115485;65116785;65116893;65122735;0
3705;46861;chr12;-;65130887;65133160;65133279;65134385;0
3706;46932;chr17;+;27185504;27185593;27185842;27185981;0
3707;46934;chr17;+;27183600;27184956;27185003;27185163;0
3708;46946;chr6;+;41562729;41564913;41564980;41565518;0
3709;46951;chr2;-;95753326;95756130;95756267;95766218;0
3710;46952;chr2;-;95775786;95780810;95780948;95783609;0
3711;46956;chrX;-;77084732;77086301;77086392;77096742;0
3712;46968;chr11;+;32616559;32617511;32617593;32622234;0
3713;46969;chr11;+;32615495;32617511;32617593;32622234;0
3714;4697;chr9;-;131605080;131607631;131607690;131608958;0
3715;46970;chr11;+;32615495;32616459;32616559;32622234;0
3716;46971;chr11;+;32615495;32616459;32616559;32617511;0
3717;46977;chr11;+;32605475;32611092;32611187;32615411;0
3718;46981;chr11;+;32622378;32623307;32623368;32623824;0
3719;47;chr11;-;9167362;9168576;9168698;9171627;0
3720;47022;chr2;+;219297674;219300011;219300157;219301204;0
3721;47023;chr2;+;219295601;219296579;219296680;219297515;0
3722;47028;chr2;+;219297674;219299248;219299428;219300011;0
3723;47033;chr18;-;9570681;9577061;9577189;9583114;0
3724;47075;chr8;-;80831383;80915233;80915415;80942255;0
3725;47089;chr3;+;139063040;139065722;139065886;139067001;0
3726;47090;chr3;+;139063040;139065719;139065886;139067001;0
3727;47109;chr20;-;3211293;3211377;3211491;3211578;0
3728;47123;chr13;-;41323417;41328154;41328228;41331008;0
3729;47128;chr22;+;41913635;41914484;41914576;41916174;0
3730;47129;chr22;+;41865186;41895729;41895866;41903794;0
3731;47149;chr17;+;1648507;1648626;1648689;1650312;0
3732;47152;chr17;+;1650456;1650602;1650806;1651891;0
3733;47156;chr17;+;1648507;1648626;1648699;1650312;0
3734;47163;chr17;+;1646202;1648285;1648352;1648468;0
3735;47164;chr17;+;1646202;1648285;1648352;1650312;0
3736;47165;chr17;+;1648352;1648468;1648507;1650312;0
3737;47166;chr17;+;1648352;1648468;1648507;1648626;0
3738;47167;chr17;+;1648374;1648468;1648507;1648626;0
3739;47169;chr17;+;1650806;1651891;1652034;1657415;0
3740;47170;chr17;+;1650806;1651891;1652034;1655879;0
3741;47176;chr17;+;1652034;1655879;1656084;1657423;0
3742;47178;chr17;+;1650806;1655879;1656084;1657415;0
3743;47186;chr1;-;230841946;230845740;230846599;230849831;0
3744;47189;chr1;-;230839075;230841678;230841946;230845740;0
3745;47190;chr1;-;230839075;230839938;230840083;230841678;0
3746;47192;chr2;+;38956839;38958876;38959051;38960629;0
3747;47212;chr20;-;34313077;34317233;34317284;34317383;0
3748;47213;chr20;-;34320057;34326889;34326939;34328745;0
3749;47226;chr20;-;34295123;34297145;34297178;34300940;0
3750;47227;chr20;-;34302311;34304661;34304727;34309661;0
3751;47232;chr20;-;34295123;34297145;34297196;34300940;0
3752;47234;chr20;-;34297178;34300940;34301018;34302106;0
3753;47236;chr20;-;34304727;34309661;34309799;34312491;0
3754;47237;chr20;-;34313077;34317233;34317287;34317383;0
3755;4726;chr2;+;203139912;203142672;203142725;203147073;0
3756;4733;chr2;+;203162629;203164956;203165090;203167643;0
3757;4735;chr2;+;203155993;203157499;203157626;203160396;0
3758;47361;chr11;-;61188045;61188525;61188599;61188861;0
3759;47364;chr11;-;61183991;61188861;61189080;61196653;0
3760;47370;chr3;+;124351550;124352695;124352800;124369654;0
3761;47380;chr19;-;12882133;12882210;12882291;12883003;0
3762;47388;chr1;-;226043641;226044610;226044717;226046895;0
3763;47395;chr17;-;42759506;42761239;42761327;42766917;0
3764;47406;chr9;+;140150880;140151275;140151506;140157488;0
3765;47439;chr12;-;110874957;110878116;110878193;110883256;0
3766;47442;chr4;-;1695440;1696500;1696567;1697928;0
3767;47446;chr11;-;14526794;14529201;14529312;14532417;0
3768;47489;chr19;-;18643605;18644079;18644157;18648410;0
3769;47505;chr16;+;14980719;14982952;14983072;14988854;0
3770;47539;chr13;+;41946966;41947772;41947916;41948877;0
3771;47554;chr12;-;50384126;50384466;50384575;50385780;0
3772;4757;chr2;-;242189395;242192807;242192912;242194465;0
3773;47593;chr19;+;17670230;17671156;17671274;17678214;0
3774;4762;chr2;-;242189395;242192371;242192450;242192807;0
3775;47630;chr6;+;37336994;37339287;37339350;37342395;0
3776;47664;chr11;-;65310695;65310897;65311020;65313912;0
3777;47671;chr2;+;54024729;54024868;54024932;54026183;0
3778;47673;chr2;+;54021586;54023069;54023150;54024651;0
3779;47675;chr2;+;54023150;54024651;54024729;54026183;0
3780;4768;chr2;-;242176184;242178063;242178202;242179016;0
3781;47680;chr2;+;54026218;54028849;54028979;54035435;0
3782;47681;chr2;+;54026218;54028533;54028757;54028849;0
3783;47707;chr15;+;91488293;91489843;91490144;91491025;0
3784;47721;chr2;+;219526983;219527232;219527402;219527605;0
3785;47727;chr2;+;219524466;219525661;219526030;219526128;0
3786;47732;chr17;-;36936857;36940495;36940592;36943075;0
3787;47743;chr4;+;3444639;3444776;3444873;3445067;0
3788;4777;chr2;-;242179235;242179315;242179537;242181874;0
3789;4779;chr2;-;242206298;242207891;242207956;242212175;0
3790;47791;chr10;-;34649187;34663801;34663930;34666894;0
3791;47797;chr10;-;34759191;34805906;34806087;34985245;0
3792;4781;chr2;-;242206298;242207891;242207956;242254984;0
3793;47820;chr5;-;54993820;55007279;55007327;55008044;0
3794;47826;chr5;-;54993820;54998566;54998722;55007279;0
3795;47856;chr4;-;159052164;159076762;159076977;159091617;0
3796;47861;chr11;+;129685793;129698041;129698148;129722369;0
3797;47862;chr11;+;129724711;129725602;129725787;129727207;0
3798;47871;chr11;+;129722555;129724504;129724711;129725602;0
3799;47876;chr20;-;60712482;60713226;60713346;60714130;0
3800;47877;chr20;-;60712005;60712419;60712482;60713226;0
3801;47890;chr22;-;50943413;50943485;50943582;50943657;0
3802;47901;chr4;-;22449134;22456488;22456560;22463359;0
3803;47910;chr2;+;219104207;219110142;219110269;219114086;0
3804;47912;chr2;+;219093573;219099074;219099120;219103386;0
3805;47916;chr2;+;219093519;219103386;219103573;219104113;0
3806;47919;chr2;+;219103573;219104113;219104207;219110142;0
3807;47920;chr2;+;219081977;219082185;219082267;219090642;0
3808;47925;chr7;+;38218022;38241670;38241798;38247047;0
3809;47928;chr7;+;38218022;38247047;38247330;38253957;0
3810;47934;chr21;+;33032154;33036102;33036199;33038761;0
3811;47935;chr21;+;33033021;33036102;33036199;33038761;0
3812;47936;chr21;+;33036199;33038761;33038831;33039570;0
3813;47946;chr19;-;15510221;15511105;15511169;15511604;0
3814;47952;chr11;-;62444477;62444989;62445106;62445252;0
3815;48019;chr2;-;86386794;86389074;86389202;86393630;0
3816;48024;chr2;-;86386794;86389098;86389202;86393630;0
3817;48026;chr2;-;86372004;86373190;86373320;86374824;0
3818;48027;chr2;-;86373320;86374824;86374956;86378419;0
3819;48037;chr5;+;141314151;141316762;141316922;141318085;0
3820;48071;chr5;-;131539845;131543400;131543577;131544830;0
3821;48100;chr1;-;1235448;1235537;1235582;1235888;0
3822;48107;chr16;-;23619333;23625324;23625412;23632682;0
3823;48135;chr12;+;56510647;56510972;56510995;56511265;0
3824;48136;chr12;+;56510583;56510972;56510995;56511265;0
3825;48137;chr1;-;155260469;155261546;155261728;155262967;0
3826;48149;chr17;-;47007974;47010566;47010708;47013531;0
3827;48150;chr17;-;47013604;47014216;47014295;47014381;0
3828;48168;chr14;-;105243107;105246424;105246553;105258934;0
3829;48188;chr11;-;93465457;93466252;93466287;93466515;0
3830;48189;chr11;-;93463613;93463842;93463878;93464315;0
3831;48195;chr11;-;93469470;93469859;93469917;93470229;0
3832;48198;chr11;-;93466287;93466515;93466563;93467790;0
3833;4820;chr2;-;240954277;240957969;240958056;240960613;0
3834;4821;chr2;-;240900603;240929490;240929599;240944626;0
3835;48212;chr5;-;42807210;42808252;42808468;42811937;0
3836;48213;chr5;-;42804875;42808252;42808468;42811937;0
3837;48221;chr5;-;42804875;42806997;42807210;42808252;0
3838;48222;chr5;-;42801433;42806997;42807210;42808252;0
3839;4823;chr2;-;240960829;240961588;240961757;240964643;0
3840;48234;chr5;-;42801433;42804757;42804875;42806997;0
3841;48235;chr5;-;42801433;42804757;42804875;42825542;0
3842;48236;chr5;-;42801433;42804757;42804875;42808252;0
3843;4824;chr2;-;240946787;240951033;240954277;240957969;0
3844;48255;chr8;+;101162937;101163574;101163644;101164051;0
3845;48256;chr8;+;101163644;101164051;101164144;101165521;0
3846;48270;chr1;-;38435407;38445136;38445205;38446257;0
3847;48271;chr1;-;38435407;38442555;38442625;38444391;0
3848;48272;chr1;-;38423935;38425791;38425847;38433715;0
3849;48273;chr1;-;38453508;38455219;38455267;38455541;0
3850;483;chr20;-;464720;467019;467106;468070;0
3851;48300;chr12;-;1909604;1910208;1910284;1919443;0
3852;48310;chr11;+;68115711;68125117;68125315;68131214;0
3853;48317;chr8;-;125500937;125506073;125506200;125507712;0
3854;48336;chr5;-;125891707;125894931;125895026;125896774;0
3855;48337;chr5;-;125896816;125903950;125904048;125906473;0
3856;48341;chr5;-;125912903;125918542;125918666;125919623;0
3857;48343;chr5;-;125918666;125919623;125919704;125928355;0
3858;48353;chr18;-;77733856;77737597;77737701;77793850;0
3859;48354;chr18;-;77733856;77737597;77737701;77746601;0
3860;48367;chrY;+;2713784;2722640;2722812;2734833;0
3861;48368;chrY;+;2722812;2733128;2733286;2734833;0
3862;48380;chr14;-;21863278;21863456;21863511;21863975;0
3863;48398;chr14;+;62203827;62204804;62205091;62207222;0
3864;48404;chr20;+;55059245;55088370;55088484;55091990;0
3865;48409;chr20;+;55088484;55091990;55092045;55092161;0
3866;48410;chr20;+;55049827;55052040;55052180;55088424;0
3867;48447;chr5;-;132232932;132233921;132234084;132234795;0
3868;48475;chr17;+;5324786;5326088;5326149;5335861;0
3869;48490;chrX;-;153582851;153582983;153583079;153583192;0
3870;48504;chr6;-;105776901;105781188;105781380;105800846;0
3871;48505;chr2;+;74425869;74435695;74435848;74437068;0
3872;48530;chr17;-;42290307;42290585;42290650;42293021;0
3873;48534;chr17;-;42293177;42293273;42293357;42293896;0
3874;4855;chr8;+;59465862;59477577;59477643;59483445;0
3875;48603;chr12;+;7303659;7310084;7310287;7310536;0
3876;48605;chr12;+;7288131;7288399;7288549;7288801;0
3877;48606;chr12;+;7294000;7294681;7294735;7295464;0
3878;48618;chr3;+;172501699;172502496;172502593;172504282;0
3879;48667;chr5;-;137847293;137848452;137848643;137849256;0
3880;48669;chr5;-;137854556;137865243;137865367;137878521;0
3881;48670;chr5;-;137849395;137853249;137853389;137854380;0
3882;48671;chr5;-;137848643;137849256;137849395;137853249;0
3883;48675;chr2;-;98378663;98382576;98382726;98382940;0
3884;48676;chr2;-;98413449;98413827;98413979;98418357;0
3885;48679;chr2;-;98392481;98408848;98409447;98409857;0
3886;48680;chr2;-;98383065;98388759;98388887;98392305;0
3887;48684;chr3;+;186505373;186505591;186505671;186506913;0
3888;48686;chr3;+;186502485;186503671;186503840;186503952;0
3889;48688;chr3;+;186501428;186502220;186502266;186502352;0
3890;48690;chr3;+;186504062;186504290;186504434;186504915;0
3891;48703;chr4;+;99214666;99264289;99264412;99273626;0
3892;48738;chr4;-;103571858;103578838;103579057;103585841;0
3893;48752;chr12;-;56121123;56122059;56122136;56122736;0
3894;48758;chr9;-;35704812;35705547;35705667;35705746;0
3895;48769;chr10;+;5139742;5140993;5141071;5141518;0
3896;48770;chr10;+;5138769;5139625;5139742;5141518;0
3897;48795;chr17;-;47778872;47780219;47780373;47780549;0
3898;48796;chr17;-;47783671;47784326;47784430;47785091;0
3899;4881;chr1;-;200613645;200617566;200617695;200618201;0
3900;4882;chr4;-;155510128;155510588;155510714;155511785;0
3901;48820;chr12;+;22208544;22211500;22211634;22213765;0
3902;4885;chr9;-;130710504;130710646;130710693;130712701;0
3903;4886;chr9;-;130708032;130710349;130710504;130712701;0
3904;48868;chr3;-;170723261;170723731;170723894;170724936;0
3905;48920;chr15;-;20668254;20671447;20671623;20688655;0
3906;4893;chr12;+;69992201;69993642;69993784;69995074;0
3907;4894;chr12;+;69982042;69983264;69983467;69986755;0
3908;4895;chr12;+;69991851;69992101;69992201;69993642;0
3909;4896;chr12;+;69983467;69985838;69985939;69986755;0
3910;4898;chr12;+;69991546;69991747;69991851;69992101;0
3911;48998;chr17;-;42169199;42169539;42169652;42169748;0
3912;490;chr20;-;470525;472897;473008;476362;0
3913;49002;chr1;-;155233831;155234011;155234091;155234258;0
3914;49003;chr1;-;155234565;155235650;155235745;155236519;0
3915;49022;chr10;-;123716774;123718838;123718925;123719872;0
3916;49023;chr10;-;123721032;123722752;123722843;123724800;0
3917;49024;chr10;-;123727321;123730453;123730584;123733518;0
3918;49064;chr10;+;51585599;51586270;51586411;51589224;0
3919;49065;chr10;+;51565296;51581269;51581378;51582182;0
3920;49066;chr10;+;51582939;51584615;51585599;51586270;0
3921;4908;chr16;+;8768568;8823955;8824056;8829555;0
3922;49083;chr1;+;228334639;228335106;228335245;228335315;0
3923;49094;chr1;+;228335245;228335315;228335400;228336071;0
3924;49097;chr2;+;232003564;232010953;232011070;232018277;0
3925;49099;chr2;+;232026223;232029913;232030000;232030584;0
3926;49100;chr2;+;232028441;232029913;232030000;232030584;0
3927;49102;chr2;+;232030731;232035279;232035435;232037248;0
3928;49134;chr18;+;9937063;9950391;9950565;9954049;0
3929;49136;chr18;+;9914332;9931806;9931959;9936106;0
3930;49203;chr2;-;177041420;177042059;177042222;177042438;0
3931;49205;chr10;-;97402963;97413046;97413162;97416353;0
3932;4922;chr17;-;80213453;80223561;80223672;80231181;0
3933;49229;chr15;-;40849571;40854970;40855226;40857174;0
3934;4923;chr17;-;80211120;80213304;80213453;80223561;0
3935;49268;chr7;+;100861498;100865884;100866055;100866757;0
3936;49281;chr7;+;128133997;128138089;128138196;128140956;0
3937;49291;chr7;-;97483992;97484664;97484771;97486001;0
3938;49300;chr9;-;35102191;35102682;35102820;35103046;0
3939;4931;chr1;+;16767348;16770126;16770227;16774364;0
3940;49350;chr1;+;39466778;39469018;39469090;39469716;0
3941;49380;chr7;+;139060902;139083344;139083443;139086882;0
3942;49403;chr20;-;45850125;45852969;45853209;45855945;0
3943;49404;chr20;-;45853209;45855945;45856024;45858471;0
3944;49408;chr20;-;45927691;45938799;45938948;45976599;0
3945;49409;chr20;-;45927616;45938799;45938948;45976599;0
3946;49418;chr20;-;45865260;45874751;45875261;45878030;0
3947;49475;chr1;+;110116401;110116517;110116659;110121825;0
3948;49479;chr19;+;52430793;52432984;52433149;52439280;0
3949;49499;chr19;+;6741136;6741235;6741292;6742977;0
3950;49539;chr17;+;5271763;5276608;5276749;5280410;0
3951;4954;chr1;-;160267535;160268891;160269054;160275222;0
3952;49548;chr2;-;190636628;190640290;190640442;190647147;0
3953;4956;chr1;-;160267535;160268634;160268781;160268891;0
3954;49560;chr16;+;88666356;88677675;88677944;88688604;0
3955;4957;chr1;-;160302347;160303392;160303469;160305031;0
3956;49573;chr9;+;96259881;96261071;96261168;96277948;0
3957;4958;chr1;-;160263253;160264273;160264383;160264557;0
3958;4959;chr1;-;160276283;160276952;160277035;160278890;0
3959;49626;chr2;-;201822267;201822752;201822856;201824114;0
3960;49689;chr22;+;46136418;46202838;46202902;46238870;0
3961;49690;chr22;+;46098727;46114292;46114373;46125304;0
3962;49699;chr17;-;6599260;6604322;6604445;6606288;0
3963;49700;chr17;-;6597516;6599044;6599260;6604322;0
3964;49703;chr17;-;6607375;6609960;6610097;6616550;0
3965;49712;chr17;-;6604445;6606288;6606457;6607196;0
3966;49740;chr1;-;46744929;46745163;46745286;46745863;0
3967;49749;chr2;+;231314425;231314886;231314970;231325976;0
3968;49780;chr8;-;54883023;54891584;54891731;54896922;0
3969;49820;chr2;+;26505919;26506984;26507072;26507750;0
3970;49821;chr2;+;26507825;26508274;26508439;26512785;0
3971;49822;chr2;+;26477342;26486247;26486347;26492820;0
3972;49842;chr8;+;38105353;38107225;38107321;38109429;0
3973;49843;chr8;+;38103818;38107225;38107321;38109429;0
3974;49851;chr17;-;7077386;7077692;7077779;7080148;0
3975;49854;chr17;-;7077386;7077456;7077608;7077692;0
3976;49857;chr16;-;50355949;50357497;50357609;50359658;0
3977;49858;chr16;-;50359794;50360194;50360302;50362579;0
3978;4988;chr8;-;102211467;102212217;102212325;102213834;0
3979;49889;chr2;+;74717600;74717782;74717866;74718254;0
3980;499;chr11;-;10825137;10825445;10825597;10825683;0
3981;49911;chr12;+;69653977;69656152;69656342;69663291;0
3982;49923;chr17;-;74714942;74717879;74718015;74719853;0
3983;49931;chr8;+;48955741;48962412;48962538;48973241;0
3984;49935;chr20;+;56136259;56136427;56136691;56137126;0
3985;49959;chr2;+;234346125;234346862;234347025;234350532;0
3986;49979;chr17;-;56440009;56440635;56440767;56440886;0
3987;49999;chr2;+;42275978;42280378;42280501;42281175;0
3988;5;chr2;+;237997296;237998504;237998637;238002732;0
3989;500;chr11;-;10827594;10828366;10828432;10828801;0
3990;50000;chrX;+;47101705;47101837;47101921;47102024;0
3991;50017;chrX;-;130410222;130410912;130411200;130411829;0
3992;50018;chrX;-;130409260;130409451;130409739;130409934;0
3993;50019;chrX;-;130408851;130408972;130409260;130409451;0
3994;5002;chr19;-;39435744;39437111;39437245;39439206;0
3995;50020;chrX;-;130408740;130408972;130409260;130409451;0
3996;50021;chrX;-;130407905;130408056;130408180;130408572;0
3997;5004;chr19;-;39435744;39437111;39437207;39439206;0
3998;50053;chr16;+;56871638;56872863;56872981;56873432;0
3999;50076;chr2;-;74754186;74754374;74754490;74754597;0
4000;50079;chr2;-;74755616;74755877;74756062;74756258;0
4001;50081;chr2;-;74754490;74754597;74754717;74754862;0
4002;50094;chr7;-;72966572;72967877;72967999;72971816;0
4003;50133;chr9;-;84300811;84302248;84302349;84303131;0
4004;50138;chr9;-;84267203;84268888;84268951;84300590;0
4005;50140;chr9;-;84249216;84267128;84267203;84268888;0
4006;50147;chr1;+;212502673;212506838;212506940;212515529;0
4007;50166;chr7;+;99214639;99215757;99215832;99216147;0
4008;50181;chrX;+;154261828;154274783;154274859;154279944;0
4009;50311;chr3;-;155547692;155551645;155551830;155560220;0
4010;50317;chr3;-;148925404;148926997;148927171;148927953;0
4011;50321;chr3;-;148928166;148930237;148930485;148939433;0
4012;50322;chr3;-;148916365;148917498;148917651;148919888;0
4013;50323;chr3;-;148901392;148903025;148903233;148904306;0
4014;50331;chr3;-;148927171;148927953;148928166;148930237;0
4015;50390;chr19;-;55607546;55607629;55607703;55610151;0
4016;50394;chr13;+;76169126;76178904;76178963;76179864;0
4017;50396;chr13;+;76123806;76124111;76124123;76134888;0
4018;50398;chr2;-;37486824;37487365;37487527;37494572;0
4019;50424;chr1;-;113245315;113245620;113245741;113246265;0
4020;50439;chr8;-;109248432;109252186;109252304;109254027;0
4021;50440;chr8;-;109248432;109252186;109252304;109260841;0
4022;50441;chr8;-;109226945;109228640;109228742;109229562;0
4023;50445;chr8;-;109252304;109254027;109254142;109260841;0
4024;50446;chr8;-;109248432;109254027;109254142;109260841;0
4025;50467;chr2;-;27591006;27591238;27591330;27591520;0
4026;50468;chr2;-;27590980;27591238;27591330;27591520;0
4027;50512;chr3;-;25770809;25773809;25773974;25775362;0
4028;50515;chr2;-;183800103;183806797;183806891;183817132;0
4029;50517;chr2;-;183817651;183817840;183818059;183821189;0
4030;50518;chr2;-;183866771;183866854;183866997;183867701;0
4031;50519;chr2;-;183859615;183860428;183860566;183866680;0
4032;50520;chr2;-;183829536;183831943;183832089;183841620;0
4033;50521;chr2;-;183868053;183888533;183888644;183902719;0
4034;50548;chr16;+;15771806;15781231;15781368;15785000;0
4035;50568;chr7;+;142960678;142961178;142961260;142961640;0
4036;50569;chr7;+;142960678;142961178;142961260;142962084;0
4037;50601;chr12;+;19593304;19615443;19615651;19626181;0
4038;50604;chr6;+;111281680;111281774;111281819;111283594;0
4039;50617;chr10;-;120905865;120907286;120907372;120914573;0
4040;50619;chr13;-;33092140;33095509;33095586;33109905;0
4041;50620;chr13;-;33092140;33095509;33095586;33096318;0
4042;50629;chr13;-;33101669;33111069;33111164;33112754;0
4043;50639;chr15;+;52350994;52353495;52353697;52356098;0
4044;50660;chr17;-;7834052;7834328;7834467;7835048;0
4045;50671;chr2;-;3218019;3341787;3341920;3358320;0
4046;50674;chr2;-;3341920;3358320;3358404;3381418;0
4047;50695;chr9;+;108145640;108147702;108147783;108151313;0
4048;50697;chr9;+;108072147;108097843;108097980;108110638;0
4049;5073;chr1;+;25678184;25683283;25683344;25687150;0
4050;50739;chr20;+;44521519;44521858;44521950;44522626;0
4051;5074;chr1;+;25679465;25683283;25683344;25687150;0
4052;50785;chr5;+;150400302;150400388;150400415;150404900;0
4053;50792;chr5;+;150400302;150404900;150405054;150406460;0
4054;50796;chr16;-;2012657;2012736;2012910;2013149;0
4055;50798;chr16;-;2012910;2013149;2013257;2014276;0
4056;50799;chr16;-;2012271;2012497;2012657;2012736;0
4057;50803;chr16;-;2013257;2014276;2014366;2014449;0
4058;50813;chr3;-;136323315;136341987;136342090;136349711;0
4059;50900;chr3;+;49044964;49049067;49051549;49051642;0
4060;50913;chr2;-;201750495;201752335;201752408;201753678;0
4061;50935;chr17;+;7401189;7401396;7401529;7402357;0
4062;50939;chr2;+;220072501;220072608;220072760;220072977;0
4063;50948;chr2;-;55200334;55200698;55200757;55209650;0
4064;50949;chr2;-;55200757;55201830;55201900;55209650;0
4065;50950;chr2;-;55201003;55201830;55201900;55209650;0
4066;50952;chr2;-;55200757;55200956;55201003;55201830;0
4067;50953;chr2;-;55200757;55200956;55201003;55209650;0
4068;50973;chr5;+;80513292;80515528;80515597;80521496;0
4069;50975;chr5;+;80338802;80363850;80363998;80366310;0
4070;50978;chr15;-;65312610;65316009;65316132;65319168;0
4071;50983;chr15;-;65312610;65313851;65313954;65319168;0
4072;510;chr5;-;68651780;68662329;68662422;68665289;0
4073;51006;chr19;-;1598214;1599410;1599559;1605358;0
4074;51050;chr1;+;44054671;44056642;44057224;44057482;0
4075;51054;chr1;+;44003948;44010701;44010837;44019162;0
4076;51056;chr14;-;35032381;35036891;35036977;35037059;0
4077;51058;chr14;-;35045048;35050766;35050806;35055435;0
4078;51061;chr14;-;35077346;35078843;35078948;35099112;0
4079;51062;chr14;-;35074923;35078843;35078948;35099112;0
4080;51063;chr14;-;35032381;35037059;35037219;35044961;0
4081;51064;chr14;-;35037219;35044961;35045048;35050766;0
4082;51065;chr14;-;35074923;35077235;35077346;35078843;0
4083;51066;chr14;-;35074923;35077235;35077346;35099112;0
4084;51076;chr16;+;31724756;31730233;31730374;31733946;0
4085;51129;chr17;-;80585167;80588796;80588898;80601824;0
4086;51132;chr17;-;80579675;80583264;80583359;80585079;0
4087;51134;chr17;-;80575273;80576918;80577004;80579484;0
4088;51149;chr8;-;29923655;29924292;29924434;29927157;0
4089;51160;chr12;+;6643735;6643975;6644027;6645689;0
4090;51170;chr2;+;204193354;204231599;204231767;204244930;0
4091;51174;chr2;+;204245107;204247969;204248044;204255768;0
4092;51180;chr2;+;204267457;204268039;204268084;204281630;0
4093;51209;chr10;-;101915991;101923760;101923852;101933964;0
4094;51212;chr12;+;53895968;53896810;53896913;53897496;0
4095;51223;chr12;+;53898599;53898918;53899046;53899432;0
4096;51227;chr21;+;30421176;30422412;30422499;30426122;0
4097;51239;chr16;+;2600710;2607703;2607964;2611480;0
4098;51241;chr20;-;34262353;34262433;34262539;34268658;0
4099;51262;chr13;+;113798409;113801692;113801810;113803229;0
4100;51269;chr13;+;113798409;113801692;113801800;113803229;0
4101;51282;chr20;-;44699175;44708025;44708092;44718455;0
4102;51301;chr1;-;17735690;17736469;17736547;17738617;0
4103;51302;chr1;-;17749332;17752036;17752180;17755601;0
4104;51322;chr19;-;8367864;8368738;8368972;8373032;0
4105;51346;chr9;-;140346887;140347004;140347038;140347187;0
4106;51371;chr3;-;124515664;124536467;124536557;124538585;0
4107;51373;chr3;-;124528003;124538585;124538681;124540159;0
4108;51377;chr3;-;124567405;124578088;124578293;124592292;0
4109;51399;chr11;-;63992189;63992272;63992442;63992970;0
4110;51402;chr11;-;63992189;63992266;63992442;63992970;0
4111;51424;chr16;-;69783241;69783461;69783533;69788496;0
4112;51439;chr1;+;41463198;41466700;41466789;41467831;0
4113;51444;chr5;+;167943955;167944819;167945067;167946085;0
4114;51458;chr6;-;159058926;159062350;159062392;159065713;0
4115;51473;chr1;+;76257256;76257865;76257991;76259768;0
4116;51474;chr1;+;76255041;76255636;76255742;76256969;0
4117;51478;chr1;+;76253289;76254843;76255041;76256969;0
4118;51488;chr3;+;50242781;50251581;50251733;50252817;0
4119;51502;chr5;-;82357730;82360826;82360936;82373139;0
4120;51504;chr5;-;82352973;82357695;82357730;82360826;0
4121;51505;chr5;-;82352973;82357695;82357730;82373139;0
4122;5154;chr18;-;51715381;51731367;51731527;51750387;0
4123;51555;chr11;-;59361728;59367968;59368100;59368291;0
4124;51583;chr5;-;76987323;76989090;76989177;77004066;0
4125;51584;chr5;-;76989177;77004066;77004172;77072028;0
4126;51605;chr12;+;58335671;58339410;58339456;58340777;0
4127;51636;chr7;+;141321601;141333700;141333780;141336759;0
4128;51639;chr14;+;78177239;78182114;78182222;78183838;0
4129;51647;chr10;+;106014720;106014920;106015029;106019333;0
4130;51649;chr10;+;106022835;106025841;106025948;106027009;0
4131;51674;chr7;+;56132071;56136174;56136340;56140689;0
4132;51684;chr10;-;121591612;121595051;121595216;121596407;0
4133;51718;chr17;-;26901259;26901511;26901595;26901713;0
4134;51745;chr2;+;201527692;201531409;201531475;201533337;0
4135;51768;chr19;+;39936605;39943995;39944161;39948314;0
4136;51770;chr19;+;39950600;39955437;39955689;39957119;0
4137;51781;chr1;+;150935195;150935449;150935615;150936005;0
4138;51794;chr2;-;166775943;166781058;166781188;166785644;0
4139;51800;chr7;+;98946582;98951531;98951744;98955962;0
4140;51801;chr7;+;98923627;98930947;98931040;98935803;0
4141;51803;chr7;+;98931040;98935803;98935908;98941915;0
4142;51804;chr7;+;98942138;98946474;98946582;98951531;0
4143;51828;chr20;+;44422656;44423983;44424082;44429712;0
4144;51831;chr7;-;24854822;24856228;24856307;24859793;0
4145;51834;chr7;-;24849570;24854677;24854822;24856228;0
4146;51848;chr20;+;33077731;33080305;33080402;33092135;0
4147;51849;chr20;+;33050026;33057852;33057925;33059248;0
4148;51851;chr20;+;32996598;33000320;33000445;33001547;0
4149;51855;chr20;+;33001685;33012285;33012331;33026278;0
4150;51888;chr7;-;95041789;95045553;95045609;95053826;0
4151;51889;chr7;-;95035559;95036298;95036380;95039212;0
4152;51916;chr11;+;67811811;67812424;67812569;67814899;0
4153;5196;chrX;+;102840552;102841146;102841219;102841581;0
4154;51961;chr20;-;10623249;10624425;10624511;10625004;0
4155;51977;chr6;-;119526047;119569424;119569519;119611847;0
4156;51989;chr7;+;44244249;44245983;44246084;44246986;0
4157;520;chr12;+;112304035;112305375;112305473;112306556;0
4158;52009;chr9;-;136199596;136200553;136200642;136201227;0
4159;52034;chr20;+;30865568;30897515;30898984;30904020;0
4160;52038;chr17;-;1248793;1257504;1257641;1264385;0
4161;52039;chr17;-;1248793;1257504;1257641;1268152;0
4162;52043;chr17;-;1265302;1268152;1268352;1303340;0
4163;52044;chr17;-;1248793;1268152;1268352;1303340;0
4164;52082;chr19;+;45316877;45317408;45317545;45317860;0
4165;52085;chr1;-;62166697;62175000;62175109;62189384;0
4166;52088;chr1;-;62175109;62189384;62189444;62189959;0
4167;52095;chr1;-;62149218;62160368;62160442;62166605;0
4168;52099;chr3;-;51994336;51994541;51994658;51994881;0
4169;52114;chr10;-;89536184;89544226;89544427;89550066;0
4170;52119;chr10;-;89544427;89548796;89548886;89550066;0
4171;52128;chr16;-;424892;425132;425256;425344;0
4172;52138;chr1;-;156714140;156714292;156714362;156714799;0
4173;5214;chr19;+;35512768;35512854;35512942;35514139;0
4174;5216;chr19;+;35514247;35514330;35514451;35516952;0
4175;52192;chr7;-;2020176;2041699;2041756;2054136;0
4176;52211;chr15;+;64415745;64418277;64418419;64419372;0
4177;52212;chr15;+;64404883;64418277;64418419;64419372;0
4178;52217;chr15;+;64388371;64404771;64404883;64418277;0
4179;52218;chr15;+;64424091;64426862;64427006;64428528;0
4180;52219;chr11;-;47445734;47445979;47446042;47446157;0
4181;52220;chr11;-;47441960;47442181;47442278;47444124;0
4182;52221;chr11;-;47446262;47446671;47446797;47447417;0
4183;52242;chr18;-;47017954;47018115;47018203;47018827;0
4184;5225;chr20;+;8737825;8741053;8741107;8745785;0
4185;5232;chr2;-;64141421;64144033;64144097;64147016;0
4186;52357;chr14;+;20923553;20923736;20923862;20924072;0
4187;52358;chr14;+;20923497;20923736;20923862;20924072;0
4188;52359;chr14;+;20923862;20924072;20924260;20924826;0
4189;52379;chr12;+;66232349;66345162;66345195;66357024;0
4190;52383;chr17;-;61910530;61910657;61910780;61910946;0
4191;52392;chr8;-;12586841;12589244;12589366;12592794;0
4192;52393;chr3;+;40502997;40503098;40503152;40503429;0
4193;52395;chr3;+;40500227;40502897;40502997;40503429;0
4194;52397;chr7;+;130142561;130143773;130143837;130144779;0
4195;52398;chr7;+;130138116;130138259;130138318;130139715;0
4196;52400;chr1;-;160061398;160061597;160061728;160062071;0
4197;52403;chr11;+;810039;810233;810357;811596;0
4198;52457;chr9;+;731266;732377;732617;734747;0
4199;52468;chr21;-;47608735;47610979;47611149;47611794;0
4200;52470;chr21;-;47636438;47639389;47639486;47641767;0
4201;52471;chr21;-;47641889;47642543;47642652;47647465;0
4202;52473;chr21;-;47641889;47642576;47642652;47647465;0
4203;52475;chr21;-;47642652;47647465;47647604;47648347;0
4204;52480;chr10;+;102112253;102114183;102114389;102116288;0
4205;52482;chr10;+;102114389;102116288;102116521;102120490;0
4206;52484;chr10;+;102108103;102112122;102112253;102114183;0
4207;52528;chr19;-;44012212;44012926;44013016;44015588;0
4208;52535;chr3;+;28304871;28357823;28357914;28360999;0
4209;52543;chr5;-;6604798;6605385;6605521;6606932;0
4210;52549;chr5;-;6600345;6602573;6602613;6604250;0
4211;52578;chr19;-;10683764;10685092;10685168;10685579;0
4212;52615;chr2;-;20197020;20200201;20200327;20201715;0
4213;52617;chr2;-;20197020;20201715;20201841;20202921;0
4214;52640;chr12;+;98993905;98994948;98995059;98995145;0
4215;52641;chr12;+;98989626;98991633;98991813;98992299;0
4216;52654;chr14;-;24761536;24761857;24761990;24765714;0
4217;52655;chr14;-;24765794;24768162;24768336;24768786;0
4218;52687;chr3;-;93603740;93605179;93605347;93611776;0
4219;52688;chr3;-;93593249;93595809;93596035;93598006;0
4220;5271;chr6;+;52943696;52945765;52945896;52947301;0
4221;52721;chr20;-;3172467;3175475;3175514;3175876;0
4222;52723;chr20;-;3171884;3172410;3172467;3175475;0
4223;52724;chr20;-;3171465;3171835;3171884;3172410;0
4224;52758;chr14;+;77932010;77934425;77934527;77935419;0
4225;5276;chr6;+;52941341;52943596;52943696;52945765;0
4226;52761;chr14;+;77928585;77928984;77929102;77930940;0
4227;52763;chr14;+;77934527;77934799;77934851;77935419;0
4228;52783;chr1;+;24981620;24982142;24982181;24987209;0
4229;52784;chr1;+;24981614;24982142;24982181;24987209;0
4230;52811;chr1;-;1693474;1696666;1696885;1711343;0
4231;52812;chr1;-;1684499;1685005;1685088;1685489;0
4232;52813;chr1;-;1684499;1685005;1685088;1685722;0
4233;52831;chr1;+;23346440;23356961;23357127;23376879;0
4234;52834;chr1;+;23357127;23376879;23377013;23380253;0
4235;52836;chr2;+;75099546;75100402;75100498;75100970;0
4236;52851;chr9;+;127101944;127109987;127110101;127113115;0
4237;52855;chr9;+;127088717;127089616;127089724;127101849;0
4238;5287;chr15;-;79220123;79221753;79221835;79223792;0
4239;52878;chr22;-;43231499;43236949;43237022;43243519;0
4240;52879;chr22;-;43204896;43206818;43206950;43213147;0
4241;52880;chr22;-;43223005;43227554;43227642;43230247;0
4242;52892;chr10;+;82185762;82187087;82187252;82191741;0
4243;52895;chr2;-;26455147;26457084;26457223;26461801;0
4244;52896;chr2;-;26424189;26426930;26427065;26432648;0
4245;52897;chr2;-;26415293;26416445;26416641;26417438;0
4246;5291;chr15;-;79229765;79231481;79231513;79236879;0
4247;52932;chr1;+;45098057;45101216;45101338;45101701;0
4248;52933;chr1;+;45098057;45101216;45101260;45101701;0
4249;52934;chr1;+;45115441;45115554;45115629;45116375;0
4250;52943;chr19;-;46191824;46193829;46193925;46195144;0
4251;52977;chr15;+;42807552;42821872;42822017;42823610;0
4252;52994;chr2;-;218713810;218745620;218745737;218747068;0
4253;53001;chr2;-;218669326;218672797;218672830;218673325;0
4254;53027;chr11;+;118464413;118468421;118468626;118471339;0
4255;53044;chr20;+;37395020;37396106;37396239;37400201;0
4256;53057;chr16;-;56423287;56435644;56435755;56436896;0
4257;53059;chr16;-;56419934;56422669;56422765;56423096;0
4258;53075;chr17;-;2237010;2237765;2238190;2238553;0
4259;53083;chr12;-;27133579;27135705;27135792;27148169;0
4260;53087;chr12;-;27149795;27152458;27152609;27167010;0
4261;53101;chr2;+;113240078;113243493;113243572;113251719;0
4262;53129;chr1;-;145457604;145457934;145458003;145459651;0
4263;53163;chr20;-;32868971;32873245;32873440;32878137;0
4264;53183;chr4;-;88258518;88261641;88261758;88278430;0
4265;53184;chr4;-;88295982;88303406;88303514;88312012;0
4266;53185;chr4;-;88293967;88295850;88295982;88303406;0
4267;53187;chr3;-;9825897;9826999;9827109;9828689;0
4268;53189;chr13;+;21715134;21720943;21721066;21721324;0
4269;53191;chr11;+;864511;865512;865614;865693;0
4270;53195;chr11;+;850367;862549;862741;864436;0
4271;53198;chr16;-;70289739;70291935;70292120;70292882;0
4272;532;chr12;+;112280573;112303053;112303127;112303959;0
4273;53201;chr16;-;70295060;70298860;70299005;70299440;0
4274;53204;chr16;-;70295060;70296248;70296427;70298860;0
4275;53235;chr21;-;34954361;34954470;34954552;34956895;0
4276;53238;chr21;-;34950750;34951655;34951868;34953607;0
4277;53273;chr15;+;73004648;73007631;73007743;73009118;0
4278;53287;chr6;-;99850586;99851704;99851758;99852478;0
4279;53318;chr1;-;21083749;21091869;21092024;21094076;0
4280;53365;chr2;-;112101814;112125063;112125152;112252461;0
4281;53369;chr8;+;61497374;61504416;61504528;61531138;0
4282;53377;chr16;-;58575524;58576134;58576239;58577510;0
4283;53380;chr16;-;58576239;58576331;58576472;58577510;0
4284;53382;chr16;-;58585723;58587685;58587764;58589154;0
4285;53383;chr16;-;58609033;58610366;58610486;58612602;0
4286;53413;chr7;-;123185730;123186711;123186871;123190523;0
4287;53415;chr7;-;123190640;123191421;123191630;123197457;0
4288;53416;chr8;+;37963657;37963895;37963962;37964538;0
4289;53417;chr8;+;37976881;37978449;37978667;37985808;0
4290;53425;chr8;+;37986469;37990971;37991064;37996333;0
4291;5343;chr4;+;129003460;129012155;129012299;129019340;0
4292;53447;chr14;+;90867746;90870205;90870312;90870722;0
4293;53466;chr10;-;104244133;104245365;104245490;104247906;0
4294;53489;chr2;+;219457125;219457338;219457430;219458830;0
4295;53505;chr18;-;44395312;44398240;44398410;44400895;0
4296;5351;chr6;+;7578795;7579507;7581802;7582874;0
4297;5352;chr6;+;7578795;7579507;7580005;7582874;0
4298;53530;chr13;+;100207901;100211616;100211788;100214944;0
4299;53542;chr11;+;111904254;111907996;111908184;111909967;0
4300;53547;chr11;+;111899669;111904127;111904254;111909967;0
4301;53568;chr1;-;109954806;109955689;109955757;109957858;0
4302;5357;chr18;+;59942706;59944816;59944888;59947006;0
4303;53597;chr2;+;172549404;172563742;172563887;172571837;0
4304;53598;chr2;+;172549404;172563796;172563887;172571837;0
4305;53622;chr4;+;2470985;2492063;2492229;2498733;0
4306;53626;chr4;+;2492229;2498733;2498848;2502385;0
4307;53627;chr16;-;81116568;81118067;81118199;81121205;0
4308;53628;chr16;-;81116568;81118067;81118199;81124205;0
4309;53631;chr16;-;81121269;81124205;81124285;81129735;0
4310;53636;chr14;-;74539067;74539239;74539314;74541657;0
4311;53638;chr15;-;90774739;90775450;90775559;90776900;0
4312;5366;chr6;-;3183960;3191060;3191491;3195899;0
4313;53686;chrX;-;153278129;153278493;153278794;153279492;0
4314;53688;chrX;-;153277368;153277979;153278129;153278493;0
4315;53691;chrX;-;153282518;153283456;153283571;153283741;0
4316;53692;chrX;-;153278129;153278493;153278884;153279492;0
4317;53708;chr1;+;6885270;6946299;6946406;6947713;0
4318;53721;chr15;+;75182430;75182778;75182995;75183719;0
4319;53733;chr10;+;5963532;5965583;5965659;5966273;0
4320;53739;chr6;-;35545010;35547812;35547998;35554810;0
4321;5374;chr22;-;38228751;38228964;38229089;38229165;0
4322;53741;chr6;-;35543719;35544770;35545010;35547812;0
4323;53745;chr19;-;47234130;47240079;47240158;47241420;0
4324;53746;chr19;-;47231264;47231874;47232034;47233988;0
4325;53751;chr19;-;47234130;47236295;47236493;47240079;0
4326;53766;chr5;-;114917012;114952014;114952142;114956131;0
4327;53767;chr9;-;35740359;35740522;35740625;35740821;0
4328;53791;chr6;-;75950101;75950838;75950981;75953432;0
4329;53792;chr6;-;75947704;75950838;75950981;75953432;0
4330;53793;chr6;-;75950101;75950891;75950981;75953432;0
4331;53794;chr6;-;75947704;75950891;75950981;75953432;0
4332;53795;chr6;-;75947704;75950016;75950101;75950891;0
4333;53796;chr6;-;75947704;75950016;75950101;75953432;0
4334;53797;chr6;-;75947704;75950016;75950101;75950838;0
4335;53830;chr11;-;57256865;57265225;57265318;57268251;0
4336;53831;chr11;-;57263745;57265225;57265318;57268251;0
4337;53832;chr11;-;57258835;57259063;57259099;57259188;0
4338;53834;chr11;-;57261644;57263503;57263637;57265225;0
4339;53839;chr11;-;57258835;57259188;57259335;57261465;0
4340;53840;chr11;-;57252715;57254567;57254691;57256388;0
4341;53864;chr6;-;170105820;170110331;170110487;170112481;0
4342;53866;chr6;-;170116184;170117918;170118002;170118883;0
4343;53867;chr6;-;170116184;170117918;170117996;170118883;0
4344;53869;chr6;-;170112635;170114828;170114938;170115803;0
4345;53877;chr7;-;99056886;99057708;99057816;99063733;0
4346;53902;chr17;-;65344770;65346344;65346452;65353418;0
4347;5391;chr21;+;34640822;34648900;34649058;34652056;0
4348;53926;chr12;-;31435805;31440567;31440718;31446738;0
4349;53934;chr2;-;24290721;24291190;24291329;24296945;0
4350;53962;chr12;-;57108471;57118235;57118333;57119046;0
4351;53964;chr12;-;57108471;57118235;57118307;57119046;0
4352;54004;chrX;+;30714800;30718530;30718566;30725672;0
4353;54005;chrX;+;30686235;30695491;30695569;30709239;0
4354;54006;chrX;+;30695569;30709239;30709316;30712516;0
4355;54011;chrX;+;30718566;30718954;30719022;30725672;0
4356;5403;chr16;+;70390150;70390748;70390809;70395320;0
4357;54044;chr22;+;42054356;42057334;42057448;42059625;0
4358;54045;chr22;+;42046895;42049532;42049694;42052906;0
4359;54051;chr20;+;60699836;60701359;60701495;60704840;0
4360;54064;chr14;+;95027831;95029802;95030468;95033306;0
4361;54108;chr4;+;1902978;1905942;1906105;1918597;0
4362;54111;chr4;+;1932497;1936870;1936989;1952798;0
4363;54141;chr14;-;77904224;77907408;77907436;77908902;0
4364;5416;chr13;+;114156195;114164552;114164739;114174930;0
4365;54169;chr11;-;47187937;47188056;47188150;47188310;0
4366;54197;chr7;+;6618351;6620185;6620309;6621237;0
4367;5420;chr13;+;114156195;114157810;114157903;114174930;0
4368;54200;chr7;+;6623062;6624646;6624891;6628247;0
4369;54214;chr9;+;79960058;79966232;79966362;79968324;0
4370;54219;chr6;-;7889081;7889727;7889814;7891853;0
4371;54220;chr6;-;7886276;7888937;7889081;7889727;0
4372;54234;chr2;+;27994666;27995540;27995559;28002299;0
4373;54246;chr3;-;46026514;46026643;46026727;46037213;0
4374;54258;chr17;-;46152462;46153362;46153540;46154226;0
4375;54271;chr16;-;67765487;67768760;67768945;67778190;0
4376;54289;chr5;-;133537712;133541612;133541822;133561450;0
4377;5430;chr13;+;114152836;114154272;114154464;114156066;0
4378;54314;chr15;-;75144527;75145708;75145837;75146361;0
4379;54317;chr15;-;75137934;75140940;75141042;75142854;0
4380;54319;chr16;-;11970032;11971263;11971437;11976871;0
4381;54320;chr16;-;11980788;11981426;11981607;11984918;0
4382;54321;chr16;-;11967028;11969617;11969786;11971263;0
4383;54322;chr16;-;11984996;11988810;11988844;11990414;0
4384;54356;chr11;+;9435958;9438605;9438695;9441957;0
4385;54357;chr11;+;9445423;9446460;9446537;9446692;0
4386;54360;chr11;+;9406394;9424836;9424918;9430032;0
4387;54386;chr1;+;40974549;40975404;40975462;40980186;0
4388;5439;chr17;-;47486835;47489039;47489201;47490538;0
4389;5440;chr17;-;47489201;47490538;47490653;47492196;0
4390;54404;chr16;-;11647545;11650366;11650591;11669261;0
4391;54406;chr16;-;11643601;11647388;11647545;11650366;0
4392;54418;chr1;+;44442051;44442261;44442331;44442444;0
4393;54422;chr16;+;88925197;88925752;88926158;88926300;0
4394;54443;chr7;+;6439819;6441498;6441658;6441946;0
4395;54449;chr7;+;157009665;157013382;157013470;157015947;0
4396;5445;chr1;+;28844820;28856369;28856451;28858314;0
4397;5446;chr1;+;28862538;28862773;28862893;28863258;0
4398;54471;chr14;+;96987409;96991646;96991728;96993766;0
4399;54476;chr14;+;97010595;97014133;97014255;97018816;0
4400;54477;chr14;+;97027048;97029155;97029230;97031291;0
4401;5448;chr1;+;28858502;28858682;28858862;28861561;0
4402;54486;chr22;+;38352849;38355352;38355483;38363105;0
4403;54488;chr22;+;38352849;38354380;38354478;38355352;0
4404;54520;chr6;+;151206870;151208977;151209117;151226785;0
4405;54522;chr12;+;124071486;124072157;124072178;124074888;0
4406;54536;chr16;-;71808495;71823181;71823385;71842665;0
4407;5454;chr1;+;28832596;28834639;28834672;28843236;0
4408;54543;chr17;+;28937960;28958772;28958913;28960115;0
4409;54548;chr17;+;28937960;28956697;28956812;28958772;0
4410;54593;chr17;-;18243569;18244045;18244127;18250809;0
4411;54597;chr7;-;38908853;38937690;38937729;38948753;0
4412;5460;chr20;-;60887836;60887943;60888066;60888143;0
4413;54609;chr17;+;55055596;55058442;55058591;55062738;0
4414;54611;chr17;+;55058591;55062738;55062828;55065055;0
4415;54614;chr6;+;41895274;41897869;41898008;41898372;0
4416;5466;chr20;-;60899610;60900371;60900602;60901732;0
4417;54678;chr17;+;46970272;46970770;46970818;46971733;0
4418;54679;chr17;+;46970818;46971733;46971811;46972517;0
4419;54711;chr6;-;34256708;34261227;34261312;34263417;0
4420;54718;chr5;-;43543218;43547829;43548015;43555931;0
4421;54723;chr5;-;43529981;43533839;43533894;43534954;0
4422;54724;chr5;-;43548015;43555931;43556101;43556920;0
4423;54726;chr10;+;71849922;71851512;71851710;71853490;0
4424;54742;chr3;+;160143988;160146540;160146730;160148386;0
4425;5476;chr4;+;17621590;17623209;17623322;17625223;0
4426;548;chr22;-;51018259;51018402;51018511;51018618;0
4427;54806;chrX;-;19554576;19555834;19555898;19560042;0
4428;54809;chrX;-;19702146;19713112;19713169;19713729;0
4429;54817;chr21;-;38438012;38439561;38439680;38441851;0
4430;54844;chr11;+;74907724;74911268;74911432;74913945;0
4431;54879;chr11;-;67829501;67831991;67832098;67833252;0
4432;54883;chr2;-;43010560;43010923;43011007;43015668;0
4433;54886;chr2;-;42994817;42996852;42996998;42997282;0
4434;54945;chr2;+;153577100;153591507;153591640;153616260;0
4435;54951;chr2;+;153575538;153576411;153576518;153577046;0
4436;54954;chr3;-;153998458;153998551;153998651;154000976;0
4437;54956;chr3;-;154002776;154006654;154006753;154007497;0
4438;5496;chr2;+;102315000;102407181;102407238;102440389;0
4439;54983;chr17;+;73663558;73664595;73664705;73667895;0
4440;5500;chr2;+;102460773;102475457;102475544;102476104;0
4441;5501;chr2;+;102441891;102445965;102446056;102450870;0
4442;55030;chr18;-;46906128;46917962;46918015;46956624;0
4443;5504;chr2;+;102460773;102476104;102476326;102481391;0
4444;55041;chr2;+;17773503;17830676;17830892;17836463;0
4445;55057;chr19;-;4839548;4844679;4844805;4847702;0
4446;5508;chr2;+;102460773;102472438;102472600;102475457;0
4447;55084;chr3;-;58491013;58494619;58494752;58502932;0
4448;5509;chr2;+;102460773;102472438;102472600;102481391;0
4449;55090;chr15;+;89011255;89015877;89015956;89018340;0
4450;5510;chr2;+;102460773;102472438;102472600;102476104;0
4451;55116;chr18;+;8114825;8122239;8122314;8143644;0
4452;55119;chr18;+;8076562;8085668;8085870;8088746;0
4453;55125;chr1;-;169279318;169292354;169292521;169293630;0
4454;55136;chr1;+;116936345;116937731;116937907;116939219;0
4455;55137;chr1;+;116939356;116940509;116940660;116941242;0
4456;55192;chr3;-;156262228;156266654;156266792;156271443;0
4457;55193;chr3;-;156262228;156266693;156266792;156271443;0
4458;55194;chr3;-;156266792;156271443;156271570;156272745;0
4459;55198;chr3;-;12633291;12640611;12640724;12641189;0
4460;55207;chr2;+;101179535;101182964;101183091;101185392;0
4461;55210;chr20;-;5081577;5086833;5086956;5089977;0
4462;55213;chr20;-;5086956;5089977;5090091;5093606;0
4463;55215;chr20;-;5090091;5092409;5092454;5093388;0
4464;55223;chr19;-;11453796;11455927;11456091;11456195;0
4465;5523;chr2;+;102499147;102501648;102501749;102503549;0
4466;55230;chr19;-;11456091;11456195;11456413;11456883;0
4467;55231;chr19;-;11456091;11456195;11456413;11456802;0
4468;55234;chr19;-;11456091;11456195;11456304;11456883;0
4469;55235;chr19;-;11456091;11456195;11456304;11456802;0
4470;55246;chr8;+;38884329;38899464;38899636;38911999;0
4471;55248;chr8;+;38940592;38948777;38948865;38959381;0
4472;55287;chr22;-;41980607;41982079;41982197;41985722;0
4473;55299;chr17;-;73842868;73842988;73843065;73843567;0
4474;55300;chr17;-;73845820;73847648;73847757;73851319;0
4475;55301;chr17;-;73845820;73847648;73847757;73851204;0
4476;55305;chr17;+;73485449;73485656;73485743;73486314;0
4477;55307;chr17;+;73491480;73491624;73491724;73492046;0
4478;55308;chr17;+;73487536;73487771;73487981;73488554;0
4479;55309;chr17;+;73487548;73487771;73487981;73488554;0
4480;55312;chr17;+;73487536;73487771;73487933;73488554;0
4481;55320;chr16;-;46697074;46702841;46702964;46705616;0
4482;55323;chr16;-;46711310;46712854;46713068;46714582;0
4483;55343;chr7;+;100210619;100210816;100210892;100211099;0
4484;55368;chr17;+;40715340;40715978;40716193;40716463;0
4485;55369;chr17;+;40716595;40717000;40717065;40717244;0
4486;55378;chr10;+;17686378;17702462;17702547;17726673;0
4487;55382;chr10;+;17730172;17732090;17732233;17735220;0
4488;554;chr3;+;42201965;42218305;42218382;42226176;0
4489;55404;chr6;+;159026379;159028275;159028375;159029364;0
4490;55406;chr6;+;159002027;159004985;159005076;159006335;0
4491;55407;chr6;+;158957897;159004985;159005076;159006335;0
4492;55409;chr6;+;159002027;159010703;159010814;159026298;0
4493;55410;chr6;+;158994555;159001971;159002027;159004985;0
4494;55413;chr6;+;159029782;159044581;159044639;159046135;0
4495;55415;chr6;+;159010814;159026298;159026379;159028275;0
4496;55438;chr6;-;109770684;109770859;109770986;109771172;0
4497;55445;chr6;-;109768925;109769077;109769166;109769405;0
4498;55455;chr22;-;21101990;21104192;21104282;21105580;0
4499;55460;chr22;-;21161746;21165254;21165320;21167645;0
4500;55482;chr2;-;9548334;9552397;9552534;9554306;0
4501;55483;chr2;-;9548334;9552397;9552534;9558754;0
4502;55486;chr2;-;9548334;9552196;9552534;9554306;0
4503;55506;chr8;-;42297171;42302163;42302280;42317413;0
4504;55512;chr1;+;145508075;145508206;145508284;145508474;0
4505;55548;chr6;-;82941559;82943875;82943972;82949882;0
4506;55554;chr6;-;82924546;82925792;82925967;82927676;0
4507;55561;chr22;+;45574781;45577166;45577248;45579282;0
4508;55563;chr22;+;45571961;45574118;45574781;45577166;0
4509;55572;chr16;+;8722967;8729024;8729169;8732947;0
4510;55608;chr1;-;51048371;51049323;51049387;51050356;0
4511;55610;chr1;-;51253877;51267302;51267349;51323600;0
4512;55611;chr12;+;16109967;16111121;16111269;16112762;0
4513;5563;chr17;+;34037339;34044213;34044368;34050643;0
4514;55632;chr7;+;65706257;65751497;65751696;65817491;0
4515;55647;chr12;-;108936928;108938202;108938254;108938914;0
4516;5565;chr17;+;33914447;33921026;33921086;33925248;0
4517;5566;chr17;+;34036327;34037252;34037339;34044213;0
4518;55695;chr1;-;222843331;222843474;222843592;222846654;0
4519;55721;chr15;-;59470736;59480316;59480415;59487659;0
4520;55725;chr7;+;77230123;77236551;77236618;77240081;0
4521;55732;chr7;+;77166962;77200394;77200503;77210743;0
4522;55733;chr7;+;77256992;77261664;77261742;77265098;0
4523;55734;chr7;+;77227218;77229980;77230123;77240081;0
4524;55745;chr7;+;77212967;77214859;77214898;77221501;0
4525;55746;chr7;+;77212967;77214859;77214898;77227158;0
4526;55752;chr22;-;16189143;16189263;16189378;16190680;0
4527;55761;chr11;+;10781868;10783493;10783601;10784977;0
4528;55772;chr1;+;202977938;202984016;202984176;202985087;0
4529;55800;chr5;-;43296019;43298110;43298236;43298619;0
4530;55802;chr5;-;43296019;43297103;43297268;43298110;0
4531;55803;chr5;-;43296019;43297103;43297268;43298619;0
4532;55809;chr7;+;106830762;106836278;106836596;106840604;0
4533;55814;chr7;+;106827126;106829736;106829893;106830617;0
4534;55815;chr7;+;106809472;106820323;106820507;106822817;0
4535;5582;chr19;+;47104694;47109083;47109114;47111453;0
4536;55844;chr1;+;65614235;65656392;65656512;65684436;0
4537;55856;chr19;-;6735715;6735918;6735969;6736602;0
4538;55875;chr5;-;145531565;145532736;145532790;145533296;0
4539;5588;chr16;+;69221649;69269650;69269736;69279504;0
4540;55891;chr7;-;34994979;34997595;34997682;35006505;0
4541;55914;chr16;-;58202597;58208354;58208414;58230636;0
4542;55915;chr16;-;58202597;58208354;58208414;58218163;0
4543;55916;chr16;-;58201699;58208354;58208414;58218163;0
4544;55918;chr16;-;58201699;58202513;58202597;58218163;0
4545;55919;chr16;-;58201699;58202513;58202597;58208354;0
4546;55934;chr11;+;65101389;65107855;65108016;65108436;0
4547;5595;chr3;-;52440923;52441189;52441332;52441414;0
4548;55960;chr1;+;222888611;222889025;222889142;222892266;0
4549;55979;chr2;+;65467096;65473657;65473873;65478160;0
4550;55980;chr2;+;65482828;65488380;65488526;65492176;0
4551;55997;chr1;+;110173028;110173304;110173415;110173564;0
4552;56017;chr8;+;17137952;17141981;17142125;17143855;0
4553;56022;chr6;-;33261843;33262464;33262539;33262753;0
4554;56029;chr8;-;17739688;17743000;17743080;17749189;0
4555;56042;chr8;-;17731625;17731870;17732030;17739507;0
4556;56047;chr15;-;64982748;64983632;64983790;64995227;0
4557;56048;chr15;-;64981033;64981282;64981368;64982572;0
4558;56096;chr3;-;160025569;160037547;160037727;160073800;0
4559;56102;chr1;-;220369740;220375617;220375716;220379248;0
4560;56103;chr1;-;220383831;220384142;220384218;220384296;0
4561;5612;chr11;-;62338580;62339011;62339154;62339309;0
4562;56127;chr6;-;5109725;5113304;5113651;5216850;0
4563;56140;chr6;+;38029551;38050167;38050233;38084347;0
4564;56143;chr7;-;29135833;29152319;29152438;29160508;0
4565;56144;chr7;-;29070375;29103676;29103850;29105638;0
4566;56145;chr7;-;29070375;29103676;29103850;29111388;0
4567;56146;chr7;-;29070375;29105638;29105737;29111388;0
4568;56147;chr7;-;29103850;29105638;29105737;29111388;0
4569;5616;chr11;-;62339373;62340055;62340214;62341302;0
4570;56166;chr7;+;128848692;128849129;128849238;128850203;0
4571;56182;chr20;-;31041564;31043920;31044198;31062403;0
4572;56187;chr2;-;10937333;10937825;10937883;10942624;0
4573;56191;chr2;-;10924452;10925059;10925156;10927406;0
4574;56196;chr22;+;46748227;46749663;46749764;46751340;0
4575;56217;chr17;+;40764161;40764444;40764524;40764964;0
4576;56218;chr17;+;40761804;40762125;40762238;40762440;0
4577;56219;chr17;+;40765751;40765866;40766016;40766277;0
4578;56222;chr1;+;93301949;93303012;93303190;93306107;0
4579;56223;chr1;+;93297674;93298945;93299015;93299101;0
4580;56228;chr1;+;93300470;93301746;93301949;93306107;0
4581;56230;chr1;+;93299217;93300335;93300470;93301746;0
4582;56233;chr7;+;127229217;127229538;127229648;127230119;0
4583;5626;chr11;-;62491462;62491762;62491898;62494090;0
4584;56261;chr1;-;43393479;43394602;43394704;43394880;0
4585;56266;chr4;+;155490459;155490665;155490951;155491570;0
4586;56267;chr4;+;155489646;155490333;155490459;155490665;0
4587;56270;chr7;+;100797798;100799874;100800053;100802339;0
4588;56271;chr7;+;100800053;100800657;100800766;100802339;0
4589;56287;chr10;+;51748698;51749067;51749136;51751435;0
4590;5629;chr11;-;62491198;62491385;62491462;62494090;0
4591;56296;chr19;-;5699216;5700799;5700938;5705782;0
4592;56298;chr19;-;5707154;5707707;5707837;5708352;0
4593;56303;chr22;+;35779219;35782677;35783169;35785856;0
4594;56304;chr2;-;170669016;170671986;170672038;170676070;0
4595;56306;chr2;-;170669016;170676070;170676153;170677601;0
4596;56308;chr2;-;170676153;170677601;170677783;170678452;0
4597;56311;chr2;-;170677783;170678452;170678567;170680998;0
4598;56313;chr2;-;219131709;219132216;219132336;219134104;0
4599;56314;chr2;-;219130669;219130786;219130870;219131165;0
4600;56343;chr9;+;97200810;97203266;97203381;97207245;0
4601;56351;chr4;+;77917692;77926753;77926949;77932887;0
4602;5638;chr2;-;27534819;27535081;27535114;27535414;0
4603;56381;chr14;-;51379021;51379746;51379848;51381418;0
4604;56387;chr17;-;26883990;26885493;26885608;26887066;0
4605;5639;chr2;-;27534819;27535081;27535114;27535360;0
4606;56407;chr16;+;28835863;28836686;28836723;28836944;0
4607;56408;chr16;+;28834879;28836686;28836723;28836944;0
4608;5645;chr2;-;27532849;27534766;27534819;27535081;0
4609;56454;chr6;+;160188218;160189542;160189660;160196201;0
4610;56455;chr6;+;160184085;160189542;160189660;160196201;0
4611;56456;chr6;+;160189660;160196201;160196345;160197181;0
4612;56457;chr6;+;160184085;160188036;160188218;160189542;0
4613;56472;chr3;-;48642213;48643202;48643289;48646594;0
4614;56473;chr3;-;48637584;48637914;48638000;48638112;0
4615;56475;chr8;-;130883742;130891634;130891717;130915557;0
4616;56530;chr1;+;201965391;201966446;201966682;201969029;0
4617;56551;chr11;+;62650471;62651928;62651997;62652103;0
4618;56560;chr11;+;62653080;62655606;62655690;62655802;0
4619;56565;chr7;-;99032891;99057708;99057816;99063751;0
4620;56574;chr2;-;233752817;233756067;233756197;233757607;0
4621;56575;chr2;-;233835038;233839332;233839674;233877777;0
4622;56582;chr8;+;144100003;144102299;144102408;144102730;0
4623;56583;chr8;+;144100003;144102304;144102408;144102730;0
4624;56632;chr20;+;43048516;43052657;43052894;43056974;0
4625;56635;chr20;+;43047152;43048360;43048516;43052657;0
4626;56645;chr14;+;24702546;24702684;24702804;24704942;0
4627;56646;chr14;+;24706768;24707451;24707611;24707794;0
4628;56654;chr14;+;24702053;24702424;24702546;24702684;0
4629;56660;chr14;+;24702546;24702684;24702799;24704942;0
4630;56688;chr19;-;10600044;10600323;10600529;10602252;0
4631;56723;chr10;-;74831938;74833488;74833585;74834565;0
4632;56727;chr10;-;74833585;74834565;74834673;74856523;0
4633;56730;chr10;-;74806859;74810810;74811007;74813108;0
4634;56744;chr3;-;53260894;53262071;53262165;53262291;0
4635;56749;chrX;-;48841815;48844198;48844291;48844532;0
4636;56752;chrX;-;48830697;48831566;48831721;48832429;0
4637;56760;chr15;+;41730629;41745098;41745246;41749869;0
4638;56762;chr19;+;36139305;36142134;36142251;36145472;0
4639;56763;chr1;+;178790839;178802558;178802685;178846632;0
4640;56803;chr5;-;176942259;176942685;176942822;176942929;0
4641;56820;chr6;+;10726241;10728872;10728960;10730847;0
4642;56822;chr6;+;10723474;10724802;10724866;10725193;0
4643;56824;chr6;+;10725270;10726139;10726241;10728872;0
4644;56843;chr14;+;93278099;93282595;93282766;93286052;0
4645;56849;chr19;+;7624037;7625533;7625650;7625899;0
4646;56874;chr10;-;43883384;43890077;43890136;43891903;0
4647;56878;chr17;+;7489396;7490009;7490156;7490478;0
4648;56879;chr17;+;7489115;7489268;7489396;7490009;0
4649;56881;chr17;+;7487283;7489049;7489115;7490009;0
4650;56884;chr17;+;7489115;7489263;7489396;7490009;0
4651;56887;chr17;+;7490095;7490216;7490335;7490478;0
4652;56888;chr17;+;7489396;7490216;7490335;7490478;0
4653;56996;chr9;-;115024879;115030328;115030475;115038123;0
4654;56998;chr9;-;114986263;114986412;114986490;114989690;0
4655;57006;chr16;+;23654344;23669827;23669946;23672490;0
4656;57020;chr7;-;151174501;151181822;151181890;151188028;0
4657;57034;chr8;+;6605349;6612571;6612695;6614683;0
4658;57061;chr1;-;204170939;204172023;204172115;204183009;0
4659;57064;chr1;-;204167624;204168322;204168386;204170760;0
4660;57110;chr2;+;29129447;29135455;29135576;29136934;0
4661;57111;chr2;+;29160860;29164326;29164440;29165177;0
4662;5714;chr3;-;100084561;100086887;100087010;100087881;0
4663;57145;chr19;-;49474280;49477469;49477596;49477876;0
4664;5715;chr3;-;100092489;100093861;100093996;100096548;0
4665;57154;chr2;+;70076874;70081954;70082092;70088409;0
4666;57170;chr1;+;32688045;32688138;32688231;32689634;0
4667;57171;chr1;+;32690076;32691771;32691921;32692003;0
4668;57174;chr1;+;32691921;32692003;32692131;32694099;0
4669;57179;chr1;+;32694417;32694735;32694809;32696527;0
4670;57181;chr20;+;44575023;44575711;44575805;44575901;0
4671;57182;chr1;-;11115141;11115837;11115983;11116067;0
4672;57183;chr1;-;11114942;11115018;11115141;11115837;0
4673;5719;chr9;+;19360487;19361843;19361961;19369834;0
4674;57209;chr17;-;4192703;4200011;4200109;4210315;0
4675;57216;chr12;+;3104158;3120169;3120234;3121335;0
4676;57229;chr20;+;47635535;47639587;47639718;47641849;0
4677;57230;chr20;+;47645205;47648585;47648703;47649559;0
4678;57248;chr11;+;66009124;66010382;66010502;66010635;0
4679;57273;chr11;+;64949484;64950171;64950439;64950598;0
4680;57280;chrX;-;18961926;18963195;18963276;18966861;0
4681;57282;chrX;-;18912522;18913255;18913309;18915280;0
4682;57298;chr19;+;6364650;6366268;6366374;6368548;0
4683;57312;chr6;-;105259268;105280916;105281048;105291097;0
4684;57315;chr12;-;120587847;120588948;120589195;120591016;0
4685;57316;chr12;-;120586150;120587409;120587524;120587725;0
4686;57320;chr12;-;120583134;120584855;120585076;120585970;0
4687;57321;chr12;-;120606104;120607972;120608125;120611456;0
4688;57342;chr5;-;151122520;151131264;151131340;151138106;0
4689;57343;chr5;-;151122520;151125839;151126010;151138106;0
4690;57344;chr5;-;151122520;151125839;151126010;151131264;0
4691;57376;chr16;+;67154097;67159861;67159945;67165188;0
4692;57378;chr16;+;67159945;67165188;67165232;67166348;0
4693;57382;chr14;+;103802269;103802372;103802454;103803013;0
4694;57396;chr16;+;57490927;57492157;57492262;57493476;0
4695;57397;chr16;+;57486848;57492157;57492262;57493476;0
4696;57398;chr16;+;57490558;57490842;57490927;57492157;0
4697;57406;chr14;-;23034037;23043958;23044133;23057852;0
4698;57428;chr7;-;44571443;44571678;44571816;44573029;0
4699;57464;chr12;+;110719712;110720408;110720426;110720517;0
4700;57466;chr12;+;110720600;110734403;110734542;110760796;0
4701;57468;chr12;+;110783187;110783805;110783923;110784005;0
4702;57487;chr20;+;16718046;16719496;16719547;16720969;0
4703;57489;chr16;-;67981008;67981233;67981338;67981571;0
4704;57502;chr16;-;67986328;67988545;67988676;67991644;0
4705;5751;chr3;+;31670903;31674426;31674639;31677475;0
4706;5752;chr3;+;31621588;31638289;31638355;31641851;0
4707;57524;chr19;-;40953953;40957270;40957399;40964061;0
4708;57533;chr17;-;1564700;1564904;1565084;1565199;0
4709;57534;chr17;-;1585587;1586826;1586995;1587765;0
4710;57535;chr17;-;1576861;1577039;1577186;1577735;0
4711;57536;chr17;-;1585332;1585422;1585587;1586826;0
4712;5754;chr3;+;31574804;31617887;31617996;31621300;0
4713;57568;chr9;-;156527;160000;160140;162431;0
4714;57591;chr12;-;39735926;39745578;39745782;39750633;0
4715;57592;chr22;+;24953768;24963951;24964144;24967883;0
4716;57595;chr22;+;24952039;24953624;24953768;24963951;0
4717;57605;chr17;-;73035158;73035303;73035366;73038275;0
4718;57608;chr17;-;73038372;73038623;73038754;73043019;0
4719;57643;chr5;-;180664719;180665098;180665239;180666066;0
4720;57644;chr5;-;180664042;180665098;180665239;180666066;0
4721;57645;chr5;-;180664042;180664608;180664719;180665098;0
4722;57646;chr5;-;180664042;180664608;180664719;180666066;0
4723;57647;chr5;-;180665239;180666066;180666177;180666486;0
4724;57653;chr5;-;180666582;180668491;180668639;180669169;0
4725;5766;chr6;+;17543374;17551694;17551835;17556589;0
4726;57661;chr5;-;150422522;150425421;150425511;150429384;0
4727;57662;chr5;-;150425511;150429384;150429508;150431725;0
4728;57678;chr9;-;123533795;123535031;123535118;123538370;0
4729;57689;chr4;-;69795810;69796263;69796483;69796872;0
4730;57691;chr4;-;69796960;69798345;69798477;69811023;0
4731;57695;chr6;-;90045150;90047923;90048029;90048177;0
4732;57712;chr20;-;33867009;33867368;33867550;33867744;0
4733;57713;chr20;-;33867550;33867744;33867921;33871978;0
4734;57716;chr19;-;10229847;10230329;10230376;10230515;0
4735;57717;chr19;-;10227665;10227759;10227864;10229343;0
4736;57741;chr9;+;104303257;104307048;104307167;104309101;0
4737;57742;chr1;-;205693109;205696827;205696933;205698699;0
4738;57743;chr1;-;205696933;205698699;205698749;205719084;0
4739;57746;chr12;-;7075663;7076333;7076401;7077054;0
4740;57749;chr12;-;7077184;7077573;7077758;7078660;0
4741;57758;chr19;+;13050049;13050241;13050445;13050866;0
4742;57773;chr11;+;67075208;67075316;67075410;67075644;0
4743;57776;chr2;-;232597743;232601896;232602002;232602722;0
4744;57820;chr14;-;35871869;35871976;35872065;35872355;0
4745;57821;chr14;-;35872566;35872895;35873004;35873623;0
4746;57840;chr14;-;21559701;21560023;21561449;21561744;0
4747;57845;chr17;-;40962946;40965965;40966026;40966541;0
4748;57854;chr17;-;40966691;40967925;40968072;40970238;0
4749;57860;chrX;+;40456916;40457932;40457986;40458843;0
4750;5788;chr20;+;30136917;30137009;30137135;30137866;0
4751;57918;chr3;+;184040742;184040870;184041029;184041195;0
4752;57953;chr6;+;36103825;36104260;36104308;36104432;0
4753;57956;chr6;+;36099177;36100397;36100456;36103529;0
4754;57962;chr21;-;15746605;15747972;15748140;15750519;0
4755;57987;chr7;-;75733593;75737548;75737627;75737752;0
4756;58009;chr10;+;103361093;103368591;103368694;103369123;0
4757;5801;chr20;+;30115385;30125981;30126064;30132749;0
4758;5803;chr7;+;5322713;5327439;5327616;5330362;0
4759;58042;chr1;+;2328659;2330853;2330953;2332295;0
4760;58054;chr18;-;71920900;71922975;71923010;71928149;0
4761;58057;chr9;-;6536236;6540050;6540146;6550802;0
4762;58059;chr9;-;6588702;6589194;6589292;6592142;0
4763;5806;chr7;+;5322713;5327436;5327616;5330362;0
4764;58060;chr9;-;6602205;6604587;6604784;6605130;0
4765;5808;chr15;+;25213229;25219533;25219603;25220504;0
4766;58085;chr2;-;158595082;158617391;158617589;158622432;0
4767;58088;chr12;+;107360958;107361060;107361179;107364882;0
4768;5811;chr15;+;25200209;25207260;25207356;25213078;0
4769;58170;chr19;-;46341873;46345507;46345747;46347287;0
4770;58200;chr3;+;53219716;53219942;53220043;53220182;0
4771;58240;chr18;+;2747645;2750040;2750120;2750347;0
4772;58244;chr18;+;2772370;2775731;2775922;2777803;0
4773;5826;chr15;+;25213229;25219434;25219603;25220504;0
4774;58295;chr17;-;27904014;27904153;27904265;27904662;0
4775;58312;chr5;+;130695240;130721235;130721337;130726685;0
4776;58314;chr3;-;133910818;133913925;133914026;133921573;0
4777;58317;chr1;-;86119781;86123529;86123654;86142918;0
4778;58326;chr20;+;34806884;34807682;34807766;34809785;0
4779;5835;chr5;+;138240130;138253430;138253587;138260198;0
4780;58359;chr1;-;234529583;234534127;234534299;234536598;0
4781;58367;chr1;-;234528298;234529107;234529232;234529391;0
4782;58380;chr12;+;52464267;52467358;52467686;52470569;0
4783;5841;chr5;+;138089199;138090382;138090852;138117611;0
4784;58410;chr11;+;44255793;44257842;44257925;44265698;0
4785;58427;chr11;-;95571371;95574780;95574873;95578116;0
4786;5845;chr5;+;138089199;138117611;138117718;138145726;0
4787;5847;chr5;+;138223331;138240037;138240130;138253430;0
4788;58472;chr11;-;8736253;8737149;8737365;8739287;0
4789;5850;chr5;+;138266624;138268266;138268401;138269490;0
4790;58528;chr8;-;103842164;103845283;103845446;103846416;0
4791;58566;chr16;+;3115495;3115642;3115688;3115784;0
4792;58609;chr6;+;33656558;33657014;33657187;33657810;0
4793;58615;chr4;-;10086154;10089330;10089564;10089916;0
4794;58634;chr6;-;31828398;31828964;31829227;31829775;0
4795;58654;chr12;-;123497281;123498374;123498589;123519059;0
4796;58665;chr4;-;9987417;9998404;9998565;10020598;0
4797;5867;chr17;-;26976294;26982304;26982501;26989063;0
4798;5868;chr17;-;26976294;26982304;26982501;26988743;0
4799;58698;chr6;-;2955904;2959401;2959576;2969012;0
4800;58699;chr6;-;2955904;2959401;2959576;2971766;0
4801;58750;chr2;+;173427019;173429230;173429415;173429705;0
4802;58756;chr17;+;31260323;31261308;31261342;31263349;0
4803;58758;chr17;+;31263465;31266494;31266554;31267803;0
4804;58759;chr17;+;31255255;31257917;31257989;31258344;0
4805;58763;chr18;+;33243766;33257554;33257721;33263354;0
4806;58768;chr6;-;35838271;35838710;35838736;35840339;0
4807;58782;chr19;+;42365281;42373100;42373284;42373768;0
4808;58784;chr19;+;42365281;42373768;42373823;42375418;0
4809;58789;chr11;-;17981183;18010143;18010302;18014477;0
4810;58793;chr11;-;18014540;18017342;18017456;18022043;0
4811;58802;chr11;-;17809960;17899754;17899791;17981016;0
4812;58814;chr6;-;43022224;43023634;43023745;43023818;0
4813;58820;chr2;-;96953707;96954400;96954484;96954774;0
4814;58865;chr3;+;99881276;99885178;99885238;99886581;0
4815;58892;chr14;-;94844977;94845800;94845948;94847207;0
4816;58893;chr14;-;94844977;94845800;94845948;94854896;0
4817;58894;chr14;-;94844977;94845800;94845948;94848928;0
4818;58902;chr14;-;94845948;94847207;94847478;94848928;0
4819;58903;chr14;-;94845948;94847207;94847478;94854896;0
4820;58904;chr14;-;94844977;94847207;94847478;94848928;0
4821;58907;chr14;-;94847478;94848928;94849578;94854896;0
4822;58908;chr14;-;94844977;94848928;94849578;94854896;0
4823;58935;chr1;+;89271354;89271573;89271700;89272995;0
4824;58936;chr1;+;89237562;89250321;89250459;89251786;0
4825;58938;chr1;+;89237562;89250321;89250507;89251786;0
4826;58945;chrX;-;53410174;53421697;53421808;53423146;0
4827;58954;chr12;+;58009495;58009619;58009800;58010066;0
4828;58966;chr6;+;2779726;2783639;2783795;2784557;0
4829;58969;chr6;+;2783795;2784557;2784637;2785240;0
4830;58975;chr6;-;10990675;10995239;10995411;11000319;0
4831;58999;chr17;+;42426919;42427595;42427708;42427809;0
4832;59003;chr17;+;42426919;42427034;42427119;42427595;0
4833;59023;chr2;-;675630;675757;676238;677288;0
4834;5903;chr14;+;61201669;61262934;61263087;61264804;0
4835;5904;chr14;+;61201669;61262934;61263087;61275042;0
4836;59046;chr17;-;7144779;7144919;7144998;7145559;0
4837;59048;chr9;+;136216907;136217094;136217174;136217451;0
4838;5906;chr14;+;61263087;61264804;61264878;61275042;0
4839;59068;chr13;-;48660588;48664487;48664554;48669089;0
4840;5907;chr14;+;61201669;61264804;61264878;61275042;0
4841;59075;chr5;-;94845391;94848180;94848322;94849274;0
4842;59080;chr17;-;3729509;3732536;3732662;3743393;0
4843;59098;chr3;-;195780429;195781950;195782172;195785154;0
4844;59099;chr3;-;195796439;195798266;195798369;195798873;0
4845;59101;chr3;-;195794528;195794902;195795001;195796325;0
4846;59108;chr3;-;195795001;195796325;195796439;195798266;0
4847;59109;chr3;-;195802231;195803934;195803993;195808913;0
4848;59110;chr11;-;71808960;71809334;71809461;71809826;0
4849;59125;chr16;-;57509131;57509417;57509532;57509761;0
4850;59131;chrX;+;14932721;14933789;14933886;14934318;0
4851;5914;chr22;-;26878206;26878711;26878839;26879639;0
4852;59179;chr1;-;19712120;19746154;19746244;19811929;0
4853;59180;chr1;-;19705147;19711998;19712120;19746154;0
4854;59189;chr2;+;217363600;217363992;217364121;217364671;0
4855;59199;chr7;-;75617834;75618482;75618542;75621461;0
4856;592;chr5;+;95067788;95072592;95072779;95084036;0
4857;59243;chr2;+;71295842;71297631;71297716;71297870;0
4858;59245;chr2;+;71300724;71302684;71302772;71303733;0
4859;59303;chr2;-;38800569;38804602;38804674;38805061;0
4860;59349;chr7;+;56128109;56128499;56128633;56129439;0
4861;59350;chr7;+;56128109;56128499;56128633;56130375;0
4862;59351;chr7;+;56128633;56129439;56129542;56130375;0
4863;59352;chr7;+;56128109;56129439;56129542;56130375;0
4864;59362;chr7;-;157929387;157930985;157931207;157959622;0
4865;59373;chr7;-;99566053;99569368;99569629;99573567;0
4866;59407;chr1;-;151341665;151341917;151342030;151342188;0
4867;5941;chr2;+;85804772;85806131;85806290;85808698;0
4868;59410;chr1;-;151338322;151338750;151338929;151339197;0
4869;59415;chr1;+;70694238;70696777;70696886;70697950;0
4870;59416;chr1;+;70687522;70688448;70688481;70694104;0
4871;5942;chr2;+;85804772;85806131;85806290;85808876;0
4872;59430;chr4;-;24529664;24531223;24531393;24534486;0
4873;59439;chr17;+;79849717;79850979;79851063;79851427;0
4874;59440;chr17;+;79851490;79852342;79852462;79857795;0
4875;59441;chr17;+;79852462;79857117;79857203;79857795;0
4876;59458;chr7;+;75508578;75513051;75513166;75517309;0
4877;59468;chr5;+;102284149;102285240;102285321;102285605;0
4878;59472;chr5;+;102345570;102353037;102353137;102355493;0
4879;59480;chr3;+;33855120;33863446;33863574;33866678;0
4880;59484;chr3;+;33870461;33877535;33877758;33879695;0
4881;59496;chr12;+;6838615;6839567;6839673;6839834;0
4882;59515;chr18;-;19244191;19263880;19263926;19282276;0
4883;59542;chr5;+;159436200;159437506;159437865;159462146;0
4884;59546;chr19;-;6709853;6710649;6710856;6710997;0
4885;59551;chr19;-;6680274;6681951;6682041;6682152;0
4886;59552;chr19;-;6694645;6696389;6696476;6696603;0
4887;59553;chr19;-;6686913;6690639;6690738;6692934;0
4888;59557;chr19;-;6711207;6712267;6712417;6712518;0
4889;59558;chr19;-;6702590;6707086;6707284;6707476;0
4890;59581;chr22;+;42271728;42273232;42273425;42273945;0
4891;59590;chr12;-;54063898;54066359;54066429;54069836;0
4892;59591;chr12;-;54063732;54066359;54066429;54069836;0
4893;59595;chr14;+;24584958;24586125;24586253;24586474;0
4894;59620;chr6;-;52381535;52400580;52400644;52441593;0
4895;59639;chr16;+;85834884;85838542;85838710;85839338;0
4896;59640;chr16;+;85834884;85838546;85838710;85839338;0
4897;59642;chr16;+;85833358;85834789;85834884;85838542;0
4898;59643;chr16;+;85833358;85834810;85834884;85838542;0
4899;59644;chr16;+;85834884;85838542;85838759;85839338;0
4900;59647;chr1;-;22162130;22163294;22163499;22165317;0
4901;59649;chr1;-;22178190;22178283;22178419;22178580;0
4902;59652;chr5;+;174939199;174940465;174940593;174943616;0
4903;59655;chr5;+;174943666;174949377;174949425;174953640;0
4904;59676;chrX;-;128633818;128638710;128638779;128640056;0
4905;59679;chrX;-;128649971;128650307;128650474;128652337;0
4906;59686;chr19;-;13255684;13256101;13256209;13259842;0
4907;5969;chr8;-;63930189;63936465;63936556;63936638;0
4908;59703;chr14;-;23495584;23502576;23502883;23503892;0
4909;59713;chr1;-;204101384;204103642;204103716;204106231;0
4910;59715;chr11;+;8705628;8706264;8706439;8707224;0
4911;5974;chr10;-;120802284;120803565;120803654;120809312;0
4912;59740;chr12;-;80214946;80215895;80215970;80222099;0
4913;5975;chr10;-;120820356;120820735;120820840;120824910;0
4914;59808;chr2;-;220430236;220431551;220431848;220431994;0
4915;59849;chr15;-;52230457;52239488;52239586;52242004;0
4916;59850;chr15;-;52252930;52254585;52254690;52257945;0
4917;59851;chr15;-;52230457;52233697;52233795;52239488;0
4918;59852;chr1;+;46027550;46032540;46032692;46033653;0
4919;59853;chr1;+;46027550;46032240;46032360;46032540;0
4920;59856;chr1;+;46018235;46027460;46027550;46032240;0
4921;59861;chr1;+;46034671;46034814;46034901;46035562;0
4922;59869;chr17;+;55607085;55674228;55674311;55693330;0
4923;59873;chr17;+;55752487;55754347;55754420;55756909;0
4924;59874;chr17;+;55334908;55335630;55335715;55339511;0
4925;59886;chr3;-;48587667;48593518;48593666;48594113;0
4926;59912;chr16;-;4043511;4057368;4057559;4163750;0
4927;59929;chr10;+;104140443;104140883;104141012;104141812;0
4928;59930;chr10;+;104119192;104119940;104120152;104120778;0
4929;59933;chr10;+;104130617;104135115;104135341;104136028;0
4930;59965;chr14;-;58877656;58878624;58878689;58893771;0
4931;59985;chr22;-;37966742;37967855;37967938;37975906;0
4932;59992;chr5;+;70883381;70888752;70888819;70892106;0
4933;59993;chr5;+;70892191;70895485;70895587;70898332;0
4934;59995;chr5;+;70888819;70892106;70892191;70895485;0
4935;60023;chr12;+;6976845;6978027;6978151;6978262;0
4936;60036;chr2;+;85823772;85824226;85824301;85824567;0
4937;60038;chr10;-;5838825;5842560;5842668;5855176;0
4938;60039;chr10;-;5808258;5808456;5808601;5810175;0
4939;60041;chr10;-;5810347;5815804;5815904;5827104;0
4940;60046;chr20;+;42247666;42249496;42249565;42252530;0
4941;60049;chr20;+;42232898;42233641;42233713;42242489;0
4942;60050;chr20;+;42223457;42225074;42225162;42232399;0
4943;60051;chr10;+;5494883;5495212;5495309;5495446;0
4944;60120;chr10;+;131973170;131973260;131973353;131977605;0
4945;60137;chr17;-;76171699;76178669;76178763;76181135;0
4946;60175;chr4;-;110670758;110673623;110673659;110681425;0
4947;60176;chr4;-;110682848;110685692;110685846;110723070;0
4948;60182;chr4;-;110685846;110687709;110687980;110723070;0
4949;602;chr2;+;85811616;85818847;85818985;85820070;0
4950;60224;chr2;-;61546462;61552509;61552592;61558410;0
4951;60225;chr2;-;61416204;61417405;61417549;61417652;0
4952;60227;chr2;-;61433259;61433894;61434021;61436033;0
4953;60228;chr2;-;61484485;61486845;61486911;61492531;0
4954;60232;chr2;-;61510404;61510543;61510584;61512009;0
4955;60233;chr2;-;61607496;61610403;61610471;61621987;0
4956;60237;chr2;-;61505578;61507378;61507483;61508224;0
4957;60245;chr15;+;66727575;66729083;66729230;66735617;0
4958;60263;chr3;+;179333837;179334770;179334832;179336202;0
4959;60302;chr16;+;50664821;50666191;50666319;50667102;0
4960;60304;chr16;+;50583466;50642204;50642271;50655512;0
4961;60313;chr6;-;135363264;135371719;135371785;135375786;0
4962;60314;chr6;-;135360905;135371719;135371785;135375786;0
4963;60353;chr3;-;101400059;101401272;101401336;101401614;0
4964;60354;chr3;-;101400059;101401614;101401751;101404661;0
4965;60360;chr19;-;12816212;12816305;12816413;12816495;0
4966;60361;chr19;-;12814340;12814527;12814615;12816053;0
4967;60370;chr12;-;124107308;124109333;124109409;124110971;0
4968;60380;chr6;+;143654582;143656187;143656256;143660775;0
4969;60384;chr6;+;143458127;143486218;143486320;143605246;0
4970;60388;chr7;-;32527369;32528236;32528264;32528860;0
4971;60401;chr4;+;79443962;79447694;79447811;79455602;0
4972;60436;chr2;+;232653442;232658972;232659061;232660815;0
4973;60486;chr5;+;10378944;10387105;10387178;10390443;0
4974;60498;chr2;+;42396776;42472644;42472827;42483640;0
4975;6052;chr1;+;62907970;62908829;62908990;62910408;0
4976;60529;chr3;-;183547497;183551279;183551377;183558357;0
4977;6053;chr12;-;76448870;76449812;76449941;76453917;0
4978;60531;chr3;-;183580589;183584412;183584553;183585652;0
4979;60533;chr5;-;167988521;167990893;167991070;167993017;0
4980;60547;chr4;-;68488940;68489843;68489971;68490711;0
4981;60562;chr22;+;50946874;50954875;50954977;50955855;0
4982;6059;chr12;-;76449941;76453917;76454059;76461150;0
4983;60617;chr19;+;39109957;39110976;39111075;39114716;0
4984;60618;chr19;+;39109967;39110976;39111075;39114716;0
4985;60619;chr19;+;39116742;39123069;39123136;39125632;0
4986;60620;chr19;+;39123136;39123240;39123318;39125632;0
4987;60621;chr19;+;39111075;39114716;39114837;39116667;0
4988;60622;chr19;+;39111075;39116667;39116742;39123069;0
4989;60631;chr8;+;48614426;48614517;48614577;48625223;0
4990;60704;chr5;+;132209443;132209641;132209781;132210101;0
4991;60713;chr1;-;245017805;245018274;245018346;245018725;0
4992;60721;chr6;+;57017149;57018658;57018845;57025881;0
4993;60722;chr6;+;57015660;57017018;57017149;57018658;0
4994;60736;chr4;+;95186057;95187212;95187389;95191878;0
4995;6074;chr10;+;114168279;114169264;114169443;114170220;0
4996;6075;chr10;+;114173065;114177603;114177699;114181350;0
4997;60751;chr15;-;64669104;64673156;64673237;64673524;0
4998;60769;chr16;+;25180534;25182034;25182126;25189321;0
4999;60770;chr16;+;25180534;25182034;25182126;25186257;0
5000;60771;chr16;+;25143844;25151491;25151568;25162874;0
5001;6078;chr10;+;114173065;114176645;114176780;114177603;0
5002;60780;chr16;+;25139887;25143722;25143844;25151491;0
5003;60784;chr16;+;25123317;25139795;25139887;25143722;0
5004;60786;chr8;-;71510490;71512253;71512317;71519111;0
5005;60787;chr8;-;71496028;71499129;71499234;71499340;0
5006;60788;chr8;-;71510246;71510368;71510490;71512253;0
5007;60793;chr12;-;110814021;110815197;110815422;110819556;0
5008;60797;chr12;-;110824274;110825543;110825697;110826316;0
5009;6080;chr10;+;114170393;114171213;114171287;114171659;0
5010;6082;chr17;-;7530544;7530680;7530732;7530870;0
5011;60820;chr2;+;201305507;201324491;201324550;201332012;0
5012;60821;chr2;+;201334739;201337554;201337775;201342358;0
5013;60847;chr7;+;158695286;158698679;158698782;158704240;0
5014;60856;chr2;+;160585686;160599571;160599764;160602280;0
5015;60857;chr2;+;160602448;160604315;160605414;160608912;0
5016;6087;chr17;-;42397804;42397989;42398099;42398425;0
5017;60872;chr1;-;53370762;53373539;53373626;53377237;0
5018;60873;chr1;-;53364896;53373539;53373626;53377237;0
5019;6088;chr17;-;42399135;42399786;42399920;42400651;0
5020;6089;chr17;-;42398926;42399067;42399135;42399786;0
5021;6090;chr17;-;42397804;42397989;42398117;42398425;0
5022;6092;chr17;-;42399135;42399786;42399896;42400651;0
5023;60935;chr1;-;155226210;155226464;155226582;155227075;0
5024;60942;chr1;-;155230241;155230327;155230450;155231447;0
5025;60943;chr1;-;155230241;155230327;155230450;155231876;0
5026;61015;chr1;-;101487321;101490864;101491022;101491220;0
5027;61016;chr1;-;101487321;101490864;101491022;101491195;0
5028;61024;chr1;-;101479374;101487196;101487321;101490864;0
5029;61056;chr1;-;11137708;11139767;11139879;11140555;0
5030;61090;chr11;+;102076805;102094352;102094483;102098199;0
5031;61100;chr22;-;43284804;43286952;43287188;43289462;0
5032;61144;chr8;+;42256382;42257168;42257221;42259305;0
5033;61146;chr8;+;42249446;42251362;42251402;42251727;0
5034;61170;chr15;-;60720886;60724132;60724183;60728341;0
5035;6122;chr20;+;18507175;18508139;18508255;18511323;0
5036;61221;chr13;+;100955252;100958004;100958088;100959445;0
5037;61245;chr2;-;44548584;44548965;44549039;44549869;0
5038;6126;chr20;+;18535034;18535751;18535817;18541294;0
5039;61261;chr11;+;118272432;118277651;118277812;118279714;0
5040;61273;chr20;-;44979529;44980689;44980865;44983520;0
5041;61282;chr7;+;72400649;72409128;72409220;72409874;0
5042;61283;chr7;+;72361649;72371567;72371665;72396799;0
5043;61285;chr10;+;7841157;7841734;7841878;7841989;0
5044;61288;chr10;+;7830226;7839009;7839141;7840952;0
5045;6129;chr20;+;18516386;18522939;18523046;18523662;0
5046;61322;chr3;-;179306783;179310431;179310527;179311552;0
5047;61323;chr3;-;179311683;179316462;179316559;179319517;0
5048;61325;chr17;-;7230328;7230483;7230549;7230758;0
5049;61332;chr19;+;11557165;11557888;11557975;11558253;0
5050;61333;chr19;+;11558433;11558507;11558604;11559036;0
5051;61334;chr19;+;11552172;11553200;11553330;11556203;0
5052;6134;chr12;+;10365818;10370661;10370740;10373038;0
5053;61344;chr10;+;13167567;13167945;13168039;13169744;0
5054;61345;chr10;+;13151288;13152273;13152476;13154452;0
5055;61349;chr10;+;13174197;13175501;13175581;13178744;0
5056;61358;chr1;+;32623962;32625000;32625132;32626215;0
5057;61364;chr3;-;127295539;127295663;127295736;127295832;0
5058;61374;chr16;-;67697965;67698898;67699071;67699973;0
5059;61401;chr16;-;11794420;11815432;11815526;11827837;0
5060;61405;chr16;-;11773693;11778020;11778101;11781712;0
5061;6144;chr1;+;25072116;25124232;25124342;25140584;0
5062;61440;chr11;+;120319923;120322220;120322433;120327826;0
5063;61441;chr11;+;120291560;120292511;120292561;120295066;0
5064;6145;chr1;+;25124342;25140584;25140710;25153500;0
5065;61466;chr17;+;45750531;45750855;45750927;45752003;0
5066;61467;chr3;+;50000118;50004630;50006181;50009491;0
5067;61470;chr3;+;50103935;50106122;50106197;50112633;0
5068;61471;chr3;+;50103935;50106122;50106197;50107887;0
5069;61475;chr3;+;50106197;50107887;50107985;50112633;0
5070;61476;chr3;+;50103935;50107887;50107985;50112633;0
5071;61483;chr3;+;50085752;50091767;50091828;50095160;0
5072;61490;chr6;-;13794179;13799064;13799136;13800572;0
5073;61494;chr6;-;13801621;13802474;13802578;13807156;0
5074;61499;chrX;+;47039708;47039817;47039905;47040613;0
5075;61551;chr7;+;36463552;36464153;36464202;36464294;0
5076;61558;chr17;-;7010470;7010549;7010636;7011154;0
5077;61567;chr17;-;7011876;7012090;7012207;7017435;0
5078;61570;chr17;-;7011876;7012075;7012207;7017435;0
5079;61573;chr17;-;7011226;7011780;7011876;7017492;0
5080;61575;chr17;-;7017629;7017933;7018130;7018372;0
5081;61599;chr2;+;33007745;33012050;33012216;33036090;0
5082;61600;chr2;+;32897451;32903922;32903989;32927873;0
5083;61636;chr10;-;101802330;101808514;101808633;101814103;0
5084;61648;chr18;+;72183627;72185733;72185875;72186183;0
5085;61649;chr18;+;72179767;72180793;72180954;72183462;0
5086;61650;chr18;+;72185875;72186183;72186331;72187233;0
5087;61653;chr17;+;27372025;27379937;27380151;27380430;0
5088;61666;chr8;+;27394372;27396175;27396209;27398070;0
5089;6167;chr3;-;47470160;47476497;47476627;47484361;0
5090;61683;chr9;-;123716146;123719562;123719646;123722525;0
5091;61684;chr9;-;123800229;123805281;123805444;123808468;0
5092;61685;chr9;-;123739183;123742360;123742532;123744121;0
5093;61687;chr9;-;123783972;123785681;123785797;123787731;0
5094;61689;chr9;-;123753558;123758517;123758578;123759824;0
5095;61691;chr9;-;123722615;123723759;123723843;123724948;0
5096;61692;chr9;-;123792765;123794390;123794473;123797080;0
5097;61693;chr9;-;123779789;123779920;123780130;123782253;0
5098;61695;chr9;-;123715146;123716007;123716146;123719562;0
5099;6170;chr3;-;47456483;47456587;47456670;47458611;0
5100;61726;chr17;-;8141947;8146302;8146466;8151321;0
5101;61749;chr15;-;51742543;51745746;51745838;51747347;0
5102;61769;chr19;+;45494203;45494495;45494631;45495490;0
5103;61770;chr19;+;45493843;45494107;45494203;45495490;0
5104;61771;chr19;+;45476467;45477695;45477854;45480599;0
5105;61773;chr7;-;10973319;10977716;10977774;10978434;0
5106;61774;chr7;-;10973319;10977716;10977774;10979642;0
5107;61775;chr7;-;10977774;10978434;10978523;10979642;0
5108;61776;chr7;-;10973319;10978434;10978523;10979642;0
5109;61792;chr8;-;42231877;42232278;42232431;42233197;0
5110;61798;chrX;-;48932571;48933022;48933124;48933203;0
5111;61822;chr14;-;75601709;75602462;75602589;75614366;0
5112;61824;chr10;-;91359262;91371452;91371805;91404356;0
5113;61834;chr2;-;74362785;74372315;74372430;74374947;0
5114;61835;chr2;-;74369487;74372315;74372430;74374947;0
5115;61841;chr15;-;49429655;49431724;49431850;49436423;0
5116;61850;chr11;+;67059651;67066528;67066595;67067000;0
5117;61896;chr6;+;149901126;149901728;149901859;149903575;0
5118;61899;chr6;+;149893739;149899957;149900109;149900969;0
5119;61910;chr17;+;80521424;80525929;80526077;80529599;0
5120;61936;chrX;+;24084209;24086080;24086225;24089674;0
5121;61938;chrX;+;24086225;24089674;24089844;24091207;0
5122;61941;chrX;+;24082452;24084114;24084209;24089674;0
5123;61942;chrX;+;24089844;24091207;24091380;24094838;0
5124;61945;chr9;-;100854283;100857148;100857311;100862212;0
5125;61947;chr7;-;99693790;99694923;99695007;99695236;0
5126;61960;chr1;-;33272212;33276191;33276367;33282788;0
5127;61961;chr1;-;33276367;33276511;33276658;33282788;0
5128;61963;chr1;-;33256855;33263363;33263444;33272082;0
5129;61964;chr6;+;31604385;31604509;31604722;31604818;0
5130;61965;chr6;+;31588635;31590503;31590678;31591508;0
5131;61967;chr6;+;31590678;31591508;31591686;31592037;0
5132;61970;chr6;+;31588635;31590466;31590678;31591508;0
5133;61973;chr6;+;31604196;31604286;31604385;31604509;0
5134;61978;chr2;-;27354376;27354539;27354699;27354877;0
5135;61983;chr2;-;27355595;27355710;27355791;27355984;0
5136;61984;chr2;-;27354950;27355097;27355271;27355470;0
5137;61985;chr2;-;27356205;27356399;27356589;27357154;0
5138;62056;chr12;-;66517798;66522675;66522893;66524484;0
5139;62076;chr9;+;15451400;15453038;15453203;15457957;0
5140;62085;chr16;+;84779279;84793496;84793552;84793777;0
5141;6209;chr15;-;34376687;34380253;34380334;34382517;0
5142;62091;chr16;+;84801964;84806146;84806291;84808765;0
5143;6210;chr15;-;34376687;34380253;34380334;34388095;0
5144;6212;chr15;-;34380334;34382517;34382656;34388095;0
5145;6213;chr15;-;34380334;34382517;34382656;34393804;0
5146;6214;chr15;-;34376687;34382517;34382656;34388095;0
5147;62149;chr12;+;93863131;93870729;93870793;93873163;0
5148;6215;chr15;-;34382656;34388095;34388215;34393804;0
5149;62155;chr10;+;89693008;89711874;89712016;89717609;0
5150;6216;chr15;-;34380334;34388095;34388215;34393804;0
5151;62168;chr21;-;46229033;46233890;46234019;46237862;0
5152;62169;chr15;-;65447419;65448029;65448194;65450083;0
5153;62170;chr15;-;65448194;65449181;65449270;65450083;0
5154;62172;chr15;-;65448194;65449115;65449270;65450083;0
5155;62173;chr15;-;65444874;65445884;65445977;65447119;0
5156;62194;chr19;-;8028691;8032448;8032674;8038608;0
5157;62199;chr1;-;156294880;156303337;156303434;156305617;0
5158;62215;chr19;+;1105808;1106240;1106265;1106398;0
5159;62250;chr10;-;103541611;103542014;103542108;103542234;0
5160;62256;chr14;-;60616905;60619656;60619896;60620676;0
5161;6227;chr7;+;43635712;43647854;43647999;43659195;0
5162;62319;chr8;-;144663498;144668898;144669022;144679517;0
5163;62348;chr8;-;144663498;144668898;144669019;144679517;0
5164;6237;chr10;+;51829471;51838434;51838497;51840517;0
5165;62377;chr17;+;37872858;37873319;37873421;37873572;0
5166;62381;chr17;+;37881164;37881301;37881457;37881579;0
5167;62385;chr17;+;37868701;37869405;37869522;37871538;0
5168;62409;chr10;-;98312816;98319415;98319493;98321734;0
5169;62410;chr10;-;98287253;98287787;98287934;98290296;0
5170;62411;chr10;-;98325183;98336390;98336586;98346490;0
5171;62447;chr5;+;118865675;118866960;118867099;118872117;0
5172;62453;chr2;-;3502853;3504584;3504764;3517627;0
5173;62458;chr1;+;205495307;205495494;205495589;205495902;0
5174;62464;chr11;-;6500189;6500369;6500440;6501201;0
5175;62469;chr11;-;6499428;6499808;6499882;6499967;0
5176;62477;chr3;-;185636226;185637224;185637284;185638891;0
5177;62493;chr3;-;42827654;42835648;42835767;42845927;0
5178;62494;chr3;-;42827654;42835648;42835767;42845663;0
5179;62527;chr21;-;26958066;26961146;26961194;26965123;0
5180;6253;chr3;+;128060732;128077059;128077216;128126911;0
5181;6255;chrX;-;48970693;48970790;48970876;48972079;0
5182;62600;chr22;+;24434909;24439365;24439546;24445552;0
5183;62603;chr22;+;24480738;24480958;24481104;24483404;0
5184;62612;chr3;-;120449634;120457373;120457514;120461308;0
5185;6265;chr22;+;45927204;45928942;45929044;45929640;0
5186;62663;chr12;-;22643152;22646156;22646271;22659644;0
5187;6267;chr22;+;45943084;45944492;45944624;45946371;0
5188;62670;chr5;+;132202379;132202560;132202727;132203179;0
5189;62675;chr17;-;76968786;76969051;76969304;76970769;0
5190;62678;chr17;-;76970901;76973221;76973296;76975905;0
5191;6268;chr22;+;45939406;45942964;45943084;45946371;0
5192;6269;chr22;+;45923889;45927144;45927204;45928942;0
5193;6270;chr22;+;45929778;45931079;45931217;45937108;0
5194;62730;chr10;-;73970589;73971945;73972043;73972944;0
5195;62736;chr3;-;60807705;61027718;61027771;61186290;0
5196;62742;chr20;+;34129934;34130071;34130142;34130570;0
5197;62745;chr20;+;34130142;34130261;34130349;34130570;0
5198;62748;chr20;+;34136618;34142814;34142846;34143803;0
5199;62775;chr7;+;43978093;43982552;43982630;43988230;0
5200;62792;chr14;-;24614674;24614918;24614981;24615416;0
5201;62793;chr14;-;24614674;24614918;24614981;24615742;0
5202;62794;chr14;-;24612880;24613183;24613238;24613400;0
5203;62795;chr14;-;24614674;24615416;24615449;24615742;0
5204;62796;chr14;-;24615105;24615416;24615449;24615742;0
5205;62797;chr14;-;24614981;24615416;24615449;24615742;0
5206;62817;chr12;-;93803855;93804509;93804650;93804828;0
5207;62849;chr17;-;6905939;6913114;6913208;6915514;0
5208;62877;chr5;+;126158577;126161679;126161799;126168385;0
5209;62906;chr12;-;56677641;56679699;56679807;56680378;0
5210;62908;chr12;-;56669979;56676203;56676392;56679699;0
5211;62909;chr12;-;56669979;56676203;56676392;56676643;0
5212;62912;chr12;-;56668662;56668785;56668915;56669779;0
5213;62919;chr5;-;179048036;179048242;179048398;179050037;0
5214;62922;chr5;-;179046408;179047892;179048036;179048242;0
5215;62925;chr5;-;179048398;179048843;179048977;179050037;0
5216;62932;chr5;-;179043219;179044021;179044111;179044514;0
5217;62935;chr5;-;179043959;179044051;179044111;179044514;0
5218;62936;chr5;-;179048398;179050037;179050165;179061065;0
5219;62939;chr19;-;9922393;9925247;9925345;9929220;0
5220;62946;chr20;+;21307239;21309196;21309308;21311118;0
5221;62947;chr20;+;21314632;21314715;21314823;21319681;0
5222;62958;chr11;-;62400573;62400655;62400743;62400916;0
5223;62967;chr3;-;139092254;139092507;139092650;139093330;0
5224;62972;chr17;-;73942876;73944331;73944538;73945297;0
5225;62976;chr14;-;68056889;68059351;68059432;68060459;0
5226;62978;chr14;-;68056889;68059351;68059435;68060459;0
5227;62988;chr17;-;60062226;60062360;60062451;60064367;0
5228;63012;chr6;+;37138655;37138756;37138807;37138900;0
5229;63018;chr3;-;125745322;125752449;125752521;125769785;0
5230;63072;chr15;+;69746060;69747508;69747626;69747766;0
5231;63078;chr2;-;128526575;128528351;128528578;128568585;0
5232;63086;chr2;-;47132733;47134948;47135108;47136161;0
5233;63087;chr2;-;47132733;47134948;47135108;47168710;0
5234;63120;chr13;+;115007755;115008731;115008823;115009330;0
5235;63155;chr12;-;120636542;120636656;120636803;120636920;0
5236;63156;chr12;-;120635265;120636656;120636803;120636920;0
5237;63185;chr19;-;35996667;35996840;35996888;36001085;0
5238;63189;chr19;-;35989665;35989775;35989799;35990859;0
5239;6328;chr1;+;161721571;161721655;161721774;161722157;0
5240;63285;chr1;-;245912966;245927342;245927451;246021797;0
5241;63304;chr3;-;56787594;56789008;56789179;56807736;0
5242;63308;chr3;-;56771383;56779232;56779490;56785083;0
5243;6334;chr2;+;272150;275139;275201;276979;0
5244;63377;chr2;-;74746357;74746682;74746873;74747041;0
5245;63387;chr17;+;41150848;41151949;41152119;41154689;0
5246;63388;chr17;+;41150488;41150765;41150848;41151949;0
5247;63404;chr2;+;128913161;128913965;128913989;128914825;0
5248;63408;chr2;+;128939864;128941248;128941363;128944256;0
5249;63424;chr17;+;37898969;37899150;37899307;37899432;0
5250;63427;chr17;+;37900460;37900805;37900916;37901138;0
5251;63441;chr2;+;27599050;27599179;27599254;27599345;0
5252;63442;chr2;+;27597625;27597927;27598020;27598372;0
5253;63455;chr4;-;99802293;99806072;99806212;99808229;0
5254;63457;chr4;-;99823133;99830828;99831110;99850245;0
5255;63459;chr4;-;99808343;99809039;99809103;99812387;0
5256;63463;chr16;-;88712605;88713162;88713246;88713508;0
5257;63500;chr9;-;114904779;114905750;114905903;114911523;0
5258;63501;chr9;-;114825313;114840817;114841004;114842353;0
5259;63518;chr18;-;10705744;10708272;10708437;10714761;0
5260;63561;chr17;+;28773038;28776570;28776766;28778728;0
5261;63562;chr17;+;28758899;28765992;28766095;28769325;0
5262;63611;chr10;+;60029064;60036876;60037082;60047320;0
5263;63628;chrX;-;2876464;2878418;2878461;2882264;0
5264;63629;chrX;-;2876476;2878418;2878461;2882264;0
5265;63640;chr5;+;179137066;179142899;179143001;179143105;0
5266;63641;chr5;+;179136060;179136873;179137066;179143105;0
5267;63642;chr5;+;179147561;179149804;179150020;179151657;0
5268;63647;chr5;+;179135381;179135978;179136060;179136873;0
5269;63651;chr5;+;179126103;179132679;179132853;179133258;0
5270;63652;chr5;+;179150020;179150660;179150780;179151657;0
5271;63663;chr8;-;121444363;121455424;121455548;121457307;0
5272;63681;chr16;+;29848279;29851498;29851780;29852916;0
5273;63699;chr19;+;17970783;17972101;17972281;17972902;0
5274;63709;chr13;+;52277786;52301813;52301926;52313184;0
5275;63712;chr13;+;52301926;52313184;52313311;52325445;0
5276;63716;chr10;-;5042858;5043705;5043873;5045943;0
5277;63718;chr1;-;45977086;45980178;45980309;45980544;0
5278;63719;chr1;-;45980667;45981325;45981479;45984609;0
5279;63739;chr5;-;134670831;134678949;134679124;134681657;0
5280;63751;chr12;+;71950470;71953365;71953434;71960183;0
5281;63754;chr12;+;71974203;71976235;71976319;71977426;0
5282;63758;chr12;+;71965359;71966629;71966701;71971704;0
5283;63762;chr18;+;48439320;48442537;48442613;48443716;0
5284;63776;chr12;-;123005975;123006689;123006846;123011394;0
5285;63782;chr12;-;122990253;122991380;122991470;122992764;0
5286;63820;chr5;+;140034312;140035413;140035577;140037138;0
5287;63825;chr16;-;81015482;81030527;81030625;81030918;0
5288;6383;chr6;+;109416778;109461623;109461878;109467960;0
5289;63831;chr16;-;81010076;81014374;81014484;81030918;0
5290;63837;chr16;-;81031034;81031889;81031959;81040338;0
5291;63838;chr16;-;81031034;81034852;81034939;81040338;0
5292;63841;chr16;-;81031034;81031889;81031956;81040338;0
5293;63849;chr8;-;8197151;8215254;8215345;8233762;0
5294;63871;chr6;-;33288368;33288512;33289344;33289495;0
5295;6391;chr12;-;56561978;56563312;56563479;56563559;0
5296;63912;chr11;+;63143240;63149630;63149749;63173968;0
5297;63919;chr10;+;121691830;121692516;121692679;121693197;0
5298;63920;chr10;+;121678023;121678955;121679108;121680400;0
5299;63957;chr2;+;27910887;27911566;27911634;27916551;0
5300;63960;chr2;+;27887444;27887966;27888162;27890134;0
5301;63982;chr7;-;128034653;128034942;128035087;128035184;0
5302;64014;chr2;+;55750958;55756013;55756128;55761008;0
5303;64036;chr13;-;37606032;37607585;37607725;37614541;0
5304;64042;chrX;+;2637746;2638396;2638465;2640667;0
5305;64046;chrX;+;2641405;2644300;2644414;2656240;0
5306;64058;chr18;-;12360050;12363780;12363855;12366963;0
5307;64060;chr18;-;12353157;12356692;12356830;12358668;0
5308;64106;chr11;+;57577695;57578870;57578958;57581782;0
5309;64113;chr1;-;153955284;153955694;153955772;153955996;0
5310;64145;chr2;+;208598771;208602134;208602170;208605378;0
5311;64159;chr3;+;50147121;50148111;50148203;50150815;0
5312;64169;chr1;-;1736020;1737913;1737977;1747194;0
5313;64175;chr1;-;1724750;1735857;1736020;1737913;0
5314;64176;chr1;-;1756938;1770628;1770677;1779316;0
5315;64177;chr1;-;1756938;1770628;1770677;1811225;0
5316;64179;chr1;-;1756938;1770628;1770677;1784590;0
5317;64193;chr11;+;722549;722672;722805;723240;0
5318;64194;chr11;+;722805;723240;723353;724723;0
5319;64198;chr11;+;721991;722090;722165;722400;0
5320;6420;chr20;+;62500794;62505020;62505169;62514071;0
5321;64201;chr11;+;720746;720829;720909;721063;0
5322;6444;chr10;+;70892803;70893287;70893363;70915567;0
5323;6455;chr17;-;5312229;5314022;5314109;5317328;0
5324;6456;chr17;-;5298301;5302871;5302970;5307418;0
5325;6481;chrX;+;153662792;153663484;153663532;153663619;0
5326;6534;chr4;-;169911479;169923221;169923356;169927905;0
5327;6545;chr2;+;86363685;86364104;86364263;86364591;0
5328;6547;chr21;-;35276325;35281385;35281515;35284592;0
5329;6548;chr21;-;35279757;35281385;35281515;35284592;0
5330;6550;chr21;-;35276325;35279644;35279757;35284592;0
5331;6551;chr21;-;35276325;35279644;35279757;35281385;0
5332;6578;chr8;+;145703510;145703968;145704065;145715416;0
5333;6592;chr20;+;61574535;61574846;61575044;61576090;0
5334;6598;chr11;+;34112225;34113452;34113603;34118025;0
5335;661;chr12;+;16052987;16053880;16053946;16055850;0
5336;6631;chr14;+;39746269;39748652;39748741;39760222;0
5337;6634;chr14;+;39762585;39763203;39763275;39764128;0
5338;6635;chr14;+;39703433;39706125;39706259;39709764;0
5339;6636;chr14;+;39773585;39777652;39777791;39782543;0
5340;6637;chr14;+;39777791;39782543;39782645;39783942;0
5341;6641;chr14;+;39760300;39761883;39761910;39762474;0
5342;6664;chr2;-;209104727;209106717;209106869;209108150;0
5343;6676;chr1;+;161736232;161748033;161748110;161751701;0
5344;6697;chr16;+;28994611;28995106;28995278;28995525;0
5345;6710;chr18;+;33740967;33744437;33744630;33747063;0
5346;6712;chr18;+;33710034;33713200;33713279;33716269;0
5347;6745;chr5;+;169015579;169017759;169017833;169018051;0
5348;6752;chr5;+;85913947;85915169;85915313;85916484;0
5349;6755;chr17;-;73871555;73871981;73872180;73872342;0
5350;6762;chr8;+;110346703;110348356;110348433;110351548;0
5351;6782;chr19;+;36036859;36037427;36037487;36037573;0
5352;6787;chr2;+;202319575;202323506;202323587;202337677;0
5353;6793;chr1;-;54266521;54269600;54269682;54272097;0
5354;6795;chr1;-;54262817;54266365;54266521;54269600;0
5355;681;chr20;-;50221559;50224065;50224123;50225056;0
5356;6812;chr11;-;73389007;73390698;73390765;73418464;0
5357;6816;chr17;-;56423674;56424548;56424602;56428762;0
5358;6820;chr16;+;72139523;72139903;72140016;72141238;0
5359;6836;chr7;+;100153358;100159881;100160002;100160216;0
5360;684;chr20;-;50225165;50226639;50226704;50230215;0
5361;6852;chr15;-;85214013;85234765;85234875;85259255;0
5362;6853;chr15;-;85224063;85234765;85234875;85259255;0
5363;6854;chr15;-;85231005;85234765;85234875;85259255;0
5364;6856;chr20;+;61467305;61467538;61467685;61467829;0
5365;6858;chr20;+;61467685;61467829;61467884;61468434;0
5366;6930;chr22;+;25007212;25010742;25010873;25011007;0
5367;6932;chr22;+;25016487;25016879;25017037;25019073;0
5368;6949;chr18;-;59806308;59807652;59807712;59810538;0
5369;6961;chr7;-;43688251;43750998;43751048;43769027;0
5370;6971;chr1;-;212957835;212960900;212960979;212964871;0
5371;6974;chr10;-;92675637;92675927;92676026;92677488;0
5372;6975;chr11;+;63964869;63964964;63965067;63965325;0
5373;6984;chr22;-;19444441;19445593;19445662;19452724;0
5374;6995;chr13;+;113899551;113900269;113900377;113907395;0
5375;70;chr2;+;32819127;32820100;32820211;32822817;0
5376;7011;chr22;-;36541647;36545093;36545233;36552891;0
5377;7041;chr9;-;125898794;125901807;125901966;125909133;0
5378;7049;chr1;-;36824423;36826821;36826941;36851323;0
5379;706;chr11;+;76873376;76873898;76874034;76877101;0
5380;71;chr2;+;32738221;32740056;32740837;32743320;0
5381;710;chr14;-;24679974;24680885;24681035;24682614;0
5382;7107;chr12;+;56505093;56505259;56505313;56506606;0
5383;7116;chr1;+;45966085;45973027;45973222;45973883;0
5384;7130;chr10;+;70730106;70731646;70731808;70733300;0
5385;7145;chr14;-;69853800;69861541;69861629;69864947;0
5386;7147;chr14;-;69847357;69853679;69853800;69861541;0
5387;7159;chr19;+;10818056;10818175;10818291;10822836;0
5388;716;chr14;-;24679974;24680620;24680798;24680885;0
5389;7174;chr19;-;8376479;8381379;8381529;8385740;0
5390;7175;chr19;-;8381529;8385740;8385790;8386191;0
5391;7194;chr8;-;97269342;97270584;97270928;97273728;0
5392;72;chr2;+;32774548;32800222;32800433;32818981;0
5393;7222;chr16;-;29889746;29891184;29891385;29896906;0
5394;7242;chr9;+;90344650;90345295;90345413;90345922;0
5395;7243;chr9;+;90343064;90343499;90343724;90344487;0
5396;726;chr15;+;64686314;64687596;64687730;64689804;0
5397;7282;chr8;-;23006064;23012386;23012492;23021298;0
5398;7298;chr17;+;40986594;40986788;40986893;40989665;0
5399;730;chr6;-;134492870;134493330;134493454;134493799;0
5400;7314;chr1;-;150239602;150239755;150239878;150240115;0
5401;7321;chr8;+;74209664;74231330;74231429;74233166;0
5402;7337;chr2;-;161159998;161169666;161169758;161174679;0
5403;7347;chrX;+;48380295;48382086;48382460;48385376;0
5404;7361;chr17;+;55189285;55189851;55189979;55191819;0
5405;7362;chr17;+;55191997;55193471;55193622;55194220;0
5406;7390;chr16;+;67227418;67228300;67228362;67228588;0
5407;7431;chrX;+;107938151;107938496;107938669;107939526;0
5408;7455;chr6;+;160212158;160218318;160218550;160219083;0
5409;7457;chr6;+;160212158;160218318;160218379;160219083;0
5410;7458;chr6;+;160212158;160218318;160218401;160219083;0
5411;7459;chr1;-;84964231;84967508;84967653;84971693;0
5412;7506;chr17;-;58256789;58257905;58257998;58258684;0
5413;7510;chr17;-;58275805;58282807;58283019;58284381;0
5414;7514;chr1;+;10535059;10555330;10555378;10596269;0
5415;7530;chr1;-;32375713;32377296;32377427;32381495;0
5416;7531;chr1;-;32374561;32377296;32377427;32381495;0
5417;7532;chr1;-;32385259;32396533;32396743;32403587;0
5418;758;chr3;-;141906621;141917643;141917775;141923536;0
5419;7595;chr19;+;8386453;8386539;8386587;8386836;0
5420;7605;chr12;+;57626075;57626235;57626358;57626486;0
5421;7608;chr12;+;57626075;57626207;57626358;57626486;0
5422;7609;chr12;+;57626075;57626265;57626358;57626486;0
5423;761;chr17;+;78935280;78936260;78936377;78936727;0
5424;7633;chr3;-;13370446;13371959;13372134;13373792;0
5425;765;chr17;+;78897473;78899169;78899280;78914295;0
5426;7651;chr19;-;51848635;51850153;51850312;51856385;0
5427;7652;chr19;-;51848635;51850153;51850312;51853582;0
5428;7653;chr19;-;51850312;51853582;51853645;51856385;0
5429;7654;chr19;-;51848635;51853582;51853645;51856385;0
5430;7657;chr19;-;51853645;51856385;51856544;51857403;0
5431;7670;chr1;-;28534924;28536482;28536577;28537081;0
5432;7671;chr1;-;28530333;28531768;28531860;28534852;0
5433;7695;chr3;+;49712054;49712615;49712742;49713126;0
5434;7700;chr3;+;49713652;49713810;49713948;49714041;0
5435;7703;chr3;+;49718672;49719154;49719238;49719319;0
5436;7705;chr3;+;49713399;49713488;49713652;49713810;0
5437;7707;chr14;-;94752595;94754622;94754896;94756212;0
5438;7735;chr3;-;149089654;149093229;149093375;149093466;0
5439;7740;chr9;+;33900269;33911961;33912096;33917015;0
5440;7760;chr16;+;16103758;16108347;16108485;16110352;0
5441;7772;chr16;+;16110478;16126965;16127027;16130328;0
5442;7774;chr16;+;16142160;16146580;16146673;16149948;0
5443;7776;chr16;+;16139870;16141998;16142160;16146580;0
5444;7777;chr16;+;16208933;16215831;16216031;16218645;0
5445;7782;chr16;+;16230501;16232220;16232415;16235029;0
5446;7785;chr16;+;16177399;16180680;16180848;16184261;0
5447;7789;chr12;+;102108015;102108281;102108423;102110505;0
5448;7791;chr12;+;102110590;102113900;102114032;102116945;0
5449;7796;chr10;-;97028619;97031389;97031541;97050576;0
5450;7798;chr10;-;96998442;97006971;97007123;97023620;0
5451;78;chr2;+;32710826;32712713;32712868;32713654;0
5452;7843;chr17;+;60663587;60673945;60674035;60678011;0
5453;7847;chr17;+;60613698;60629662;60629758;60631023;0
5454;7849;chr17;+;60642498;60650575;60650728;60654069;0
5455;7878;chr19;-;49951319;49952731;49952911;49954038;0
5456;7879;chr19;-;49951165;49951257;49951319;49952731;0
5457;7881;chr19;-;49950356;49950594;49950724;49951083;0
5458;7883;chr17;-;74328516;74340751;74340818;74344609;0
5459;7922;chr12;+;53849785;53853055;53853187;53854798;0
5460;7923;chr12;+;53862616;53865421;53865591;53873189;0
5461;7924;chr12;+;53849785;53854798;53854927;53856276;0
5462;7929;chr12;+;53848653;53849130;53849154;53849244;0
5463;7953;chr11;-;119063953;119064475;119064595;119065632;0
5464;7961;chr2;+;239335760;239342194;239342336;239344351;0
5465;7964;chr2;+;220409099;220409410;220409615;220412227;0
5466;7967;chr2;+;220409099;220409445;220409615;220412227;0
5467;7999;chr16;+;19552109;19553208;19553386;19553942;0
5468;8;chr2;+;237994685;237995769;237995840;237997247;0
5469;8005;chr2;+;242610197;242610726;242610820;242611605;0
5470;8007;chr2;+;242590750;242592926;242593025;242593960;0
5471;8010;chr2;+;242606253;242607557;242607636;242607954;0
5472;8016;chr2;+;242610197;242610726;242610840;242611605;0
5473;8020;chr2;+;242590526;242590678;242590750;242592926;0
5474;8035;chr14;+;105953636;105954502;105954597;105954667;0
5475;8062;chr10;+;62538328;62539898;62539960;62544462;0
5476;8070;chr14;+;95078784;95080770;95081421;95088677;0
5477;8071;chr14;+;95085805;95088677;95088828;95089947;0
5478;8073;chr14;+;95078784;95080372;95080576;95080770;0
5479;8074;chr14;+;95078784;95079683;95079706;95080770;0
5480;8075;chr14;+;95078780;95079683;95079706;95080770;0
5481;8083;chr6;-;31698780;31699993;31700175;31701342;0
5482;8084;chr6;-;31700175;31701342;31701449;31701612;0
5483;8086;chr6;-;31702040;31704038;31704127;31704259;0
5484;8088;chr6;-;31701449;31701612;31701738;31701930;0
5485;8110;chr10;+;79793662;79795109;79795175;79795268;0
5486;8135;chr2;+;172928588;172930331;172930480;172930991;0
5487;8153;chr9;+;117052611;117053089;117053197;117054382;0
5488;8162;chr9;+;116982124;116984502;116984547;116993358;0
5489;8163;chr9;+;117054490;117062349;117062403;117062904;0
5490;8165;chr9;+;116997932;116999260;116999314;116999941;0
5491;8168;chr9;+;117063599;117063724;117063742;117063961;0
5492;8171;chr9;+;117008310;117012894;117012948;117014872;0
5493;82;chr17;-;42113668;42114779;42114906;42117514;0
5494;8206;chr18;-;47323964;47329056;47329223;47339838;0
5495;8207;chr18;-;47323964;47329056;47329223;47340101;0
5496;8208;chr6;-;52849403;52850248;52850381;52852154;0
5497;8246;chr16;+;70148343;70148772;70148833;70154363;0
5498;8276;chr14;+;89042284;89044328;89044484;89063077;0
5499;8288;chr4;+;159782928;159789253;159790580;159791464;0
5500;83;chr17;-;42117624;42141168;42141302;42143871;0
5501;8322;chr3;-;37190529;37196104;37196215;37216029;0
5502;8326;chr7;-;74457217;74466817;74466903;74470007;0
5503;8376;chr11;+;130000061;130003523;130003623;130010292;0
5504;8383;chr11;+;129939977;129979323;129979512;129980432;0
5505;8384;chr11;+;129996725;129997188;129997370;129997660;0
5506;8408;chr10;-;32098056;32098157;32098235;32099576;0
5507;8420;chr2;-;27876614;27878231;27878469;27880211;0
5508;8421;chr2;-;27878469;27880211;27880536;27883850;0
5509;8458;chr4;-;39874764;39875908;39876032;39878612;0
5510;8460;chr4;-;39843676;39846275;39846421;39847437;0
5511;8461;chr4;-;39851272;39863838;39863953;39864488;0
5512;8462;chr4;-;39871082;39874605;39874764;39875908;0
5513;8472;chr17;-;16248025;16251929;16251999;16253244;0
5514;8497;chr9;-;128206877;128230250;128230388;128246721;0
5515;8501;chr17;-;7147954;7149344;7149456;7149572;0
5516;8502;chr17;-;7149689;7150109;7150181;7150382;0
5517;8529;chr10;-;71920825;71921374;71921494;71930168;0
5518;8562;chr19;+;1979092;1979161;1979247;1979317;0
5519;8570;chr17;-;71205907;71223303;71223403;71228224;0
5520;8573;chr17;-;40024157;40024961;40025038;40025295;0
5521;8574;chr17;-;40055038;40057948;40058066;40060981;0
5522;8576;chr17;-;40025378;40025726;40025840;40027941;0
5523;8578;chr17;-;40025038;40025295;40025378;40025726;0
5524;8579;chr17;-;40034449;40035049;40035177;40039374;0
5525;8580;chr17;-;40049427;40054001;40054092;40054883;0
5526;8596;chr17;+;38152591;38153582;38153633;38153756;0
5527;8597;chr17;+;38151780;38152435;38152591;38153582;0
5528;8600;chr1;-;45516925;45524280;45524431;45525770;0
5529;8610;chr8;-;68111333;68112630;68112748;68113701;0
5530;8611;chr8;-;68123850;68128824;68128897;68130016;0
5531;8633;chr17;+;71199932;71201691;71201819;71202292;0
5532;8644;chr14;-;104380321;104381402;104381526;104387806;0
5533;8645;chr14;-;104379031;104381402;104381526;104387806;0
5534;8646;chr14;-;104379031;104380297;104380321;104381402;0
5535;8647;chr14;-;104379031;104380297;104380321;104387806;0
5536;8654;chr12;-;110825697;110826316;110826428;110832905;0
5537;8659;chr14;-;23444099;23444182;23444313;23445664;0
5538;8661;chr2;-;42578499;42580351;42580483;42588229;0
5539;8671;chr19;+;45448147;45448396;45449332;45451722;0
5540;868;chr2;+;233681742;233684536;233684695;233697566;0
5541;8704;chrX;-;118787003;118797444;118797640;118809516;0
5542;8713;chr14;-;68118198;68120153;68120215;68123132;0
5543;8715;chr6;-;43592466;43592624;43592799;43593099;0
5544;8743;chr8;+;126017947;126019632;126019729;126021212;0
5545;8744;chr8;+;126030969;126033025;126033113;126033994;0
5546;8746;chr8;+;126021585;126023778;126023874;126030300;0
5547;8747;chr8;+;126030443;126030872;126030969;126033025;0
5548;8753;chr14;-;35228052;35230962;35231429;35233912;0
5549;8760;chr14;-;35249516;35252324;35252438;35252967;0
5550;8772;chr5;-;137537137;137537801;137537844;137542235;0
5551;8788;chr2;-;179309227;179312231;179312313;179314968;0
5552;8789;chr2;-;179296981;179300871;179301046;179306336;0
5553;8790;chr2;-;179312313;179314968;179315138;179315692;0
5554;8793;chr2;-;179301046;179306336;179306431;179307993;0
5555;8795;chr2;-;179308111;179309148;179309227;179312231;0
5556;8802;chr14;-;21967281;21967449;21967515;21967635;0
5557;8832;chr17;-;73897108;73897281;73897354;73897792;0
5558;8840;chr16;-;84104381;84108201;84108346;84115351;0
5559;8844;chr16;-;84103643;84104192;84104381;84108201;0
5560;8845;chr16;-;84115513;84118587;84118739;84120962;0
5561;8856;chr7;+;99045896;99047898;99047994;99048324;0
5562;8865;chr18;-;33048706;33058245;33058313;33077682;0
5563;8901;chr11;-;67166327;67166410;67166634;67168159;0
5564;8913;chr12;-;46756421;46756803;46756928;46757508;0
5565;8961;chr2;-;219141822;219142088;219142176;219142355;0
5566;8962;chr2;-;219142393;219142657;219142697;219143237;0
5567;8967;chr2;-;219146904;219148761;219148859;219157188;0
5568;8974;chr2;-;219143288;219143760;219143814;219144011;0
5569;8975;chr2;-;219142697;219143237;219143288;219143760;0
5570;9002;chr11;-;46439602;46452440;46452637;46455023;0
5571;9025;chr22;-;19363315;19365391;19365589;19371142;0
5572;9037;chr20;-;47770608;47775475;47775683;47790731;0
5573;9047;chr14;+;90729786;90730005;90730191;90730384;0
5574;9048;chr7;-;150913115;150915166;150915277;150915646;0
5575;9070;chr1;+;53480715;53493649;53493743;53504588;0
5576;9071;chr1;+;53480715;53493640;53493743;53504588;0
5577;9074;chr1;+;53453808;53480561;53480715;53493640;0
5578;9085;chr1;+;36758310;36759451;36759536;36762183;0
5579;9109;chr13;-;79216348;79218996;79219132;79233183;0
5580;9115;chr6;-;166733744;166736344;166736374;166741763;0
5581;9116;chr6;-;166733744;166736344;166736374;166738024;0
5582;9117;chr6;-;166743735;166744872;166744895;166755906;0
5583;9119;chr6;-;166738083;166739619;166739655;166741763;0
5584;9175;chr3;-;33060053;33063057;33063147;33065742;0
5585;9176;chr3;-;33099761;33106954;33107049;33138502;0
5586;9177;chr3;-;33095041;33106954;33107049;33109721;0
5587;9184;chr3;-;33110462;33114035;33114205;33138502;0
5588;9185;chr3;-;33107049;33114035;33114205;33138502;0
5589;92;chr22;-;24381787;24382972;24383081;24384119;0
5590;9200;chr16;+;89972692;89973650;89973730;89976998;0
5591;921;chr12;+;93788495;93789264;93789309;93792546;0
5592;922;chr12;+;93788495;93789264;93789309;93792543;0
5593;9221;chr13;+;98629040;98634756;98634837;98637674;0
5594;9248;chr19;+;48249040;48250223;48250288;48253434;0
5595;9254;chr7;+;148454242;148456395;148456446;148456639;0
5596;9255;chr3;+;142762118;142769780;142769891;142772517;0
5597;9259;chr3;+;142735817;142738810;142738878;142739440;0
5598;9273;chr12;-;56708750;56708913;56709026;56709604;0
5599;9274;chr12;-;56704379;56704741;56704838;56704994;0
5600;9290;chr11;+;68228295;68282495;68282634;68286968;0
5601;9292;chr11;+;68343511;68355394;68355492;68358127;0
5602;9303;chr11;+;68228295;68286968;68287119;68305126;0
5603;9306;chr11;+;68370960;68376940;68377096;68377371;0
5604;9311;chr9;-;113007123;113013637;113013742;113018691;0
5605;9312;chr9;-;113013159;113013637;113013742;113018691;0
5606;9318;chr17;+;45006950;45008464;45008573;45009432;0
5607;9320;chr17;+;45008573;45009432;45009565;45012394;0
5608;9321;chr17;+;45006950;45009432;45009565;45012394;0
5609;9337;chr18;-;47438543;47455881;47455968;47462621;0
5610;9340;chr18;-;47389697;47390510;47390750;47398536;0
5611;9353;chrX;+;152913780;152914686;152915142;152915434;0
5612;9395;chr22;-;29965276;29966150;29966196;29966393;0
5613;9396;chr22;-;29951988;29954858;29954942;29956722;0
5614;9400;chr22;-;29957851;29965181;29965276;29966150;0
5615;9424;chr9;-;139299654;139300356;139300430;139301596;0
5616;9425;chr9;-;139299654;139300356;139300430;139301397;0
5617;9438;chr16;+;22330267;22334170;22334252;22335674;0
5618;9465;chr2;+;74154179;74173845;74174015;74185272;0
5619;9491;chr10;+;35437419;35441207;35441308;35467816;0
5620;9532;chr8;+;19694671;19699337;19699466;19700358;0
5621;9534;chr8;+;19681492;19682313;19682483;19683936;0
5622;9537;chr8;+;19675853;19677083;19677187;19677889;0
5623;9544;chr8;+;19703308;19704802;19704944;19709159;0
5624;9598;chr3;+;179463005;179470072;179470161;179472519;0
5625;9620;chr19;-;11665180;11666159;11666390;11670005;0
5626;965;chr6;-;131179383;131184777;131184858;131206235;0
5627;9660;chr1;-;43220888;43221218;43221308;43223453;0
5628;9662;chr1;-;43225061;43227993;43228146;43232177;0
5629;9664;chr1;-;43213469;43213870;43213988;43215856;0
5630;9681;chr17;-;39983878;39985041;39985204;39988643;0
5631;9682;chr17;-;39981909;39985041;39985204;39987052;0
5632;969;chr6;-;131161738;131179270;131179383;131184777;0
5633;9691;chr17;-;39983878;39987052;39987142;39988643;0
5634;9692;chr17;-;39985204;39987052;39987142;39988643;0
5635;9704;chr3;-;118935191;118937496;118937619;118942904;0
5636;974;chr6;-;131230003;131247744;131247849;131276244;0
5637;9740;chr14;+;105905076;105911754;105911848;105916394;0
5638;9765;chr1;-;70728530;70736538;70736639;70740402;0
5639;9770;chr1;+;29064850;29068914;29070498;29095440;0
5640;9781;chr1;+;165619201;165620250;165620324;165621214;0
5641;9826;chr3;-;185364926;185367190;185367322;185369881;0
5642;9831;chr3;-;185416135;185540940;185541001;185542570;0
5643;9833;chr3;-;185407415;185414399;185414451;185416086;0
5644;9842;chr3;-;185404979;185407142;185407415;185410486;0
5645;9852;chr6;-;43481371;43483332;43483439;43483626;0
5646;9874;chr1;+;153963278;153963389;153963510;153963590;0
5647;9880;chr12;+;54675286;54675578;54675725;54675873;0
5648;9881;chr12;+;54674606;54675169;54675286;54675578;0
5649;9891;chr3;+;172059021;172060800;172060906;172061875;0
5650;9898;chr3;+;171965566;171969049;171969331;172003715;0
5651;9899;chr3;+;172048505;172050878;172050965;172052733;0
5652;9922;chr9;+;131133694;131140314;131140385;131150094;0
5653;9924;chr9;+;131133694;131140273;131140385;131150094;0
5654;9929;chr16;+;449123;449378;449480;449626;0
5655;9942;chr10;-;71964671;71966019;71966089;71968960;0
5656;9962;chr17;-;3620092;3623600;3623696;3626981;0
5657;9970;chr16;-;70515768;70515994;70516078;70516631;0
5658;9972;chr16;-;70534994;70542308;70542367;70543133;0
5659;9973;chr16;-;70531958;70534860;70534994;70542308;0
5660;9975;chr19;+;41092850;41094529;41094685;41096635;0
5661;9992;chr12;-;125272003;125279740;125279814;125284669;0
5662;9993;chr12;-;125292473;125294719;125294835;125296415;0
5663;9995;chr12;-;125279814;125284669;125284788;125292306;0
